Travel Start Date,Travel End Date,Origin City,Destination City,Segment Count,Distance,CO2 Emission,Air Expense,Mode
2022-05-24,2022-05-24,Frankfurt,Paris,1,570.24,3.42144,169.09,Train
2023-11-14,2023-11-14,Frankfurt,Paris,1,241.4,1.44841,96.5,Train
2023-11-14,2023-11-14,Frankfurt,Paris,1,241.4,1.44841,96.5,Train
2020-01-22,2020-01-22,Paris,London,1,449.75,2.69848,260.0,Train
2022-05-25,2022-05-25,Paris,London,1,449.75,2.69848,263.0,Train
2022-01-07,2022-01-07,Paris,London,1,449.75,2.69848,266.0,Train
2023-02-02,2023-02-02,Paris,London,1,449.75,2.69848,273.3,Train
2020-01-22,2020-01-22,Paris,London,1,449.75,2.69848,260.0,Train
2023-11-16,2023-11-16,Paris,London,1,449.75,2.69848,289.2,Train
2020-01-28,2020-01-28,Paris,London,1,449.75,2.69848,74.0,Train
2023-11-16,2023-11-16,Paris,London,1,449.75,2.69848,135.2,Train
2023-03-17,2023-03-17,Paris,London,1,449.75,2.69848,295.3,Train
2022-09-16,2022-09-16,Paris,London,1,449.75,2.69848,269.0,Train
2023-07-20,2023-07-20,Paris,London,1,449.75,2.69848,284.1,Train
2020-03-24,2020-03-25,Glasgow,London,4,2581.67,106.10669,151.1,Train
2021-11-16,2021-11-17,Glasgow,London,2,1290.84,53.05335,155.0,Train
2020-12-11,2020-11-13,London,London,3,955.59,39.27482,337.0,Train
2020-02-17,2020-02-17,London,London,3,949.0,39.00387,230.8,Train
2020-07-10,2020-07-10,London,London,3,955.59,39.27482,184.5,Train
2023-04-26,2023-04-26,London,London,3,526.27,21.62983,82.0,Train
2023-04-26,2023-04-26,London,London,3,526.27,21.62983,82.0,Train
2021-05-08,2021-05-08,London,London,6,1615.93,66.4146,126.4,Train
2023-11-19,2023-11-21,London,London,3,955.59,39.27482,74.0,Train
2022-03-29,2022-03-29,London,London,3,52.35,2.15167,19.6,Train
2022-10-03,2022-10-03,London,London,3,274.55,11.28413,35.5,Train
2020-03-16,2020-03-16,London,London,2,38.36,1.57672,19.1,Train
2022-09-28,2022-09-30,London,London,3,659.45,27.10325,253.0,Train
2023-07-31,2023-02-08,London,London,3,118.42,4.86689,40.4,Train
2022-03-02,2022-03-02,London,Paris,2,910.87,5.46522,436.0,Train
2022-10-18,2022-10-20,London,Paris,2,910.87,5.46522,436.0,Train
2022-10-18,2022-10-20,London,Paris,2,910.87,5.46522,436.0,Train
2022-04-01,2022-05-01,London,Paris,2,910.87,5.46522,436.0,Train
2020-05-03,2020-05-03,London,Paris,2,910.87,5.46522,426.0,Train
2020-01-28,2020-01-28,London,Paris,1,461.12,18.95217,103.0,Train
2021-10-12,2021-10-12,London,Paris,2,910.87,5.46522,436.0,Train
2020-01-20,2020-01-22,London,Paris,2,910.87,5.46522,259.0,Train
2020-01-20,2020-01-23,London,Paris,2,910.87,5.46522,426.0,Train
2023-02-24,2023-02-24,London,Paris,2,910.87,5.46522,488.0,Train
2023-01-02,2023-02-02,London,Paris,2,910.87,5.46522,436.0,Train
2022-03-11,2022-04-11,London,Paris,2,910.87,5.46522,436.0,Train
2022-10-03,2022-11-03,London,Paris,2,910.87,5.46522,436.0,Train
2023-01-02,2023-02-02,London,Paris,2,910.87,5.46522,369.0,Train
2021-05-10,2021-05-10,London,Paris,1,461.12,18.95217,200.0,Train
2020-01-28,2020-01-28,London,Paris,2,877.2,5.26323,244.0,Train
2023-01-17,2023-01-17,London,Paris,1,461.12,18.95217,245.0,Train
2022-11-24,2022-11-24,London,Paris,2,922.25,37.90434,230.0,Train
2023-09-05,2023-12-05,London,Paris,2,910.87,5.46522,488.0,Train
2021-11-10,2021-10-15,London,Paris,2,910.87,5.46522,449.0,Train
2020-10-02,2020-10-02,Manchester,London,1,318.47,13.08892,183.0,Train
2020-03-03,2020-03-03,Manchester,London,4,1274.25,52.37181,259.0,Train
2020-01-28,2020-01-28,Manchester,London,2,637.13,26.1859,198.05,Train
2023-07-13,2023-07-13,Manchester,London,1,318.47,13.08892,43.0,Train
2022-05-25,2022-05-25,Manchester,London,1,318.47,13.08892,161.9,Train
2020-02-18,2020-02-18,Manchester,London,2,637.13,26.1859,245.0,Train
2020-05-03,2020-05-03,Manchester,London,1,318.47,13.08892,91.1,Train
2020-05-03,2020-05-03,Manchester,London,1,318.47,13.08892,91.1,Train
2023-10-01,2023-10-01,Manchester,London,2,636.93,26.17784,68.6,Train
2022-10-17,2022-10-17,Manchester,London,1,318.47,13.08892,184.7,Train
2022-02-03,2022-02-03,Manchester,London,2,637.13,26.1859,369.4,Train
2023-09-10,2023-09-10,Manchester,London,1,318.47,13.08892,47.0,Train
2020-01-15,2020-01-15,Manchester,London,2,637.13,26.1859,174.05,Train
2022-12-07,2022-12-07,Manchester,London,2,637.13,26.1859,369.4,Train
2022-04-10,2022-04-10,Manchester,London,2,637.13,26.1859,98.1,Train
2023-10-01,2023-10-01,Manchester,London,2,636.93,26.17784,68.6,Train
2020-06-02,2020-06-02,Manchester,London,2,637.13,26.1859,245.0,Train
2023-01-17,2023-01-17,Paris,Frankfurt,1,569.34,3.41604,79.72,Train
2022-07-21,2022-07-21,London,Paris,1,461.12,2.76674,600.0,Train
2020-01-30,2020-01-30,London,London,2,50.73,2.08483,19.1,Train
2020-02-26,2020-02-26,London,London,2,50.73,2.08483,19.0,Train
4/13/20,4/13/20,London,Frankfurt,1,654.15,159.81,170.54,Air
2023-09-05 00:00:00,2023-11-05 00:00:00,Manchester,Frankfurt,2,1665.56,304.58,476.97,Air
2023-12-10 00:00:00,2023-12-10 00:00:00,Frankfurt,London,1,620.88,169.24,183.7,Air
10/16/23,10/16/23,London,Frankfurt,1,620.88,169.24,249.12,Air
2023-04-09 00:00:00,2023-04-09 00:00:00,London,Frankfurt,1,620.88,169.24,249.12,Air
2023-10-07 00:00:00,2023-10-07 00:00:00,London,Frankfurt,1,620.88,169.24,249.12,Air
8/21/23,8/21/23,London,Frankfurt,1,620.88,169.24,219.12,Air
9/25/23,9/25/23,London,Frankfurt,1,620.88,169.24,249.12,Air
8/29/23,8/29/23,London,Frankfurt,1,620.88,169.24,188.12,Air
8/14/23,8/14/23,London,Frankfurt,1,620.88,169.24,219.12,Air
9/13/23,9/13/23,Frankfurt,London,1,620.88,169.24,120.0,Air
2023-01-09 00:00:00,2023-01-09 00:00:00,Frankfurt,London,1,620.88,169.24,211.8,Air
10/27/23,10/27/23,Frankfurt,London,1,620.88,169.24,215.8,Air
2023-07-08 00:00:00,2023-07-08 00:00:00,London,Frankfurt,1,620.88,169.24,219.12,Air
2023-05-07 00:00:00,2023-05-07 00:00:00,London,Frankfurt,1,620.88,169.24,188.12,Air
2023-04-10 00:00:00,2023-04-10 00:00:00,Frankfurt,London,1,620.88,169.24,120.5,Air
7/24/23,7/24/23,London,Frankfurt,1,620.88,169.24,219.12,Air
9/18/23,9/18/23,London,Frankfurt,1,620.88,169.24,249.12,Air
10/24/23,10/24/23,London,Frankfurt,1,620.88,169.24,188.12,Air
10/19/23,10/19/23,Frankfurt,London,1,620.88,169.24,151.4,Air
8/25/23,8/25/23,Frankfurt,London,1,620.88,169.24,240.8,Air
7/18/23,7/18/23,Frankfurt,London,1,620.88,169.24,149.8,Air
2023-07-07 00:00:00,2023-07-07 00:00:00,Frankfurt,London,1,620.88,169.24,242.1,Air
9/22/23,9/22/23,Frankfurt,London,1,620.88,169.24,242.1,Air
2023-02-08 00:00:00,2023-02-08 00:00:00,Frankfurt,London,1,620.88,169.24,120.5,Air
2023-11-08 00:00:00,2023-11-08 00:00:00,Frankfurt,London,1,620.88,169.24,213.2,Air
8/18/23,8/18/23,Frankfurt,London,1,620.88,169.24,214.4,Air
1/19/20,1/22/20,Manchester,Paris,2,1182.04,288.77,212.54,Air
2/17/20,2/17/20,Manchester,Paris,1,591.02,144.39,153.54,Air
9/13/23,9/15/23,Manchester,Paris,2,1182.04,322.2,165.28,Air
2023-10-05 00:00:00,2023-12-05 00:00:00,Manchester,Paris,2,1182.04,322.2,197.25,Air
2022-03-07 00:00:00,2022-03-07 00:00:00,Manchester,Paris,1,591.02,145.31,219.3,Air
8/22/22,8/25/22,Manchester,Frankfurt,2,1665.56,314.41,983.8,Air
12/13/23,12/15/23,Glasgow,London,2,1109.97,302.56,395.03,Air
2023-10-05 00:00:00,2023-11-05 00:00:00,Manchester,Frankfurt,3,1674.06,381.61,558.77,Air
2023-10-07 00:00:00,2023-11-07 00:00:00,Manchester,Frankfurt,2,1665.56,304.58,520.77,Air
10/22/23,10/26/23,Manchester,Frankfurt,2,1665.56,304.58,696.07,Air
8/13/23,8/15/23,Manchester,Frankfurt,2,1665.56,304.58,445.77,Air
11/21/22,11/23/22,London,Frankfurt,2,1308.3,321.67,211.87,Air
11/21/23,11/23/23,Manchester,Frankfurt,2,1665.56,304.58,439.78,Air
2022-09-08 00:00:00,2022-11-08 00:00:00,Manchester,Frankfurt,2,1665.56,314.41,983.4,Air
2023-06-06 00:00:00,2023-08-06 00:00:00,Manchester,Frankfurt,2,1665.56,304.58,484.97,Air
5/17/22,5/19/22,Manchester,Frankfurt,2,1665.56,251.53,473.87,Air
10/24/22,10/26/22,Manchester,Frankfurt,2,1665.56,251.53,606.2,Air
9/20/22,9/23/22,Manchester,Frankfurt,2,1665.56,251.53,544.2,Air
2022-11-10 00:00:00,10/13/22,Manchester,Frankfurt,2,1665.56,314.41,477.9,Air
2023-10-10 00:00:00,2023-10-10 00:00:00,Manchester,Frankfurt,1,832.78,152.29,227.67,Air
10/17/23,10/19/23,Manchester,Frankfurt,2,1665.56,304.58,446.27,Air
7/18/23,7/20/23,Manchester,Frankfurt,2,1665.56,304.58,445.17,Air
9/26/23,9/28/23,Manchester,Frankfurt,2,1665.56,304.58,520.07,Air
2022-06-12 00:00:00,2022-08-12 00:00:00,Manchester,Frankfurt,2,1665.56,251.53,562.98,Air
2/21/23,2/23/23,Manchester,Frankfurt,2,1665.56,304.58,477.88,Air
2023-04-07 00:00:00,2023-06-07 00:00:00,Manchester,Frankfurt,2,1665.56,304.58,445.77,Air
7/25/23,7/27/23,Manchester,Frankfurt,2,1665.56,304.58,619.17,Air
12/13/22,12/15/22,Manchester,Frankfurt,2,1665.56,251.53,393.78,Air
6/28/22,6/30/22,Manchester,Frankfurt,2,1665.56,251.53,453.0,Air
8/16/23,8/18/23,Manchester,Frankfurt,2,1665.56,304.58,445.37,Air
5/30/23,2023-01-06 00:00:00,Manchester,Frankfurt,2,1665.56,304.58,405.77,Air
8/29/23,8/31/23,Manchester,Frankfurt,2,1665.56,304.58,619.17,Air
5/23/23,5/25/23,Manchester,Frankfurt,2,1665.56,304.58,575.37,Air
2023-11-04 00:00:00,4/13/23,Manchester,Frankfurt,2,1665.56,304.58,490.27,Air
2023-04-04 00:00:00,2023-06-04 00:00:00,Manchester,Frankfurt,2,1665.56,304.58,570.77,Air
2022-05-04 00:00:00,2022-07-04 00:00:00,Manchester,Frankfurt,2,1665.56,251.53,466.88,Air
2023-02-05 00:00:00,2023-04-05 00:00:00,Manchester,Frankfurt,2,1665.56,304.58,406.87,Air
3/21/23,3/23/23,Manchester,Frankfurt,2,1665.56,304.58,428.28,Air
4/25/23,4/27/23,Manchester,Frankfurt,2,1665.56,304.58,479.68,Air
2023-09-05 00:00:00,2023-11-05 00:00:00,Manchester,Frankfurt,2,1665.56,304.58,407.37,Air
2022-08-11 00:00:00,2022-10-11 00:00:00,Manchester,Frankfurt,2,1665.56,251.53,563.18,Air
2023-07-03 00:00:00,2023-09-03 00:00:00,Manchester,Frankfurt,2,1665.56,304.58,397.28,Air
2023-03-10 00:00:00,2023-05-10 00:00:00,Manchester,Frankfurt,2,1665.56,304.58,445.47,Air
9/19/23,9/21/23,Manchester,Frankfurt,2,1665.56,304.58,564.67,Air
2023-07-11 00:00:00,2023-09-11 00:00:00,Manchester,Frankfurt,2,1665.56,380.72,597.68,Air
1/24/23,1/26/23,Manchester,Frankfurt,2,1665.56,304.58,397.58,Air
2023-09-01 00:00:00,2023-11-01 00:00:00,Manchester,Frankfurt,2,1665.56,304.58,397.58,Air
8/22/23,8/24/23,Manchester,Frankfurt,2,1665.56,304.58,445.87,Air
2023-07-02 00:00:00,2023-09-02 00:00:00,Manchester,Frankfurt,2,1665.56,304.58,397.08,Air
10/25/23,10/27/23,Manchester,Frankfurt,2,1665.56,304.58,521.77,Air
2023-11-07 00:00:00,7/13/23,Manchester,Frankfurt,2,1665.56,304.58,520.67,Air
6/27/23,6/29/23,Manchester,Frankfurt,2,1665.56,304.58,456.67,Air
11/22/22,11/24/22,Manchester,Frankfurt,2,1665.56,251.53,395.08,Air
2/13/23,2/15/23,Manchester,Frankfurt,2,1665.56,304.58,397.08,Air
2023-12-09 00:00:00,9/14/23,Manchester,Frankfurt,2,1665.56,304.58,444.97,Air
11/14/23,11/16/23,Manchester,Frankfurt,2,1665.56,304.58,440.48,Air
6/13/23,6/15/23,Manchester,Frankfurt,2,1665.56,304.58,484.97,Air
11/28/23,11/30/23,Manchester,Frankfurt,2,1665.56,304.58,515.68,Air
9/18/23,9/21/23,Manchester,Frankfurt,2,1665.56,304.58,266.47,Air
2023-12-06 00:00:00,6/14/23,Manchester,Frankfurt,2,1665.56,304.58,406.07,Air
8/21/23,8/21/23,Manchester,Frankfurt,1,832.78,152.29,199.07,Air
6/26/23,6/29/23,Manchester,Frankfurt,2,1665.56,304.58,535.17,Air
2023-03-07 00:00:00,2023-06-07 00:00:00,Manchester,Frankfurt,2,1665.56,304.58,496.87,Air
2023-10-07 00:00:00,7/13/23,Manchester,Frankfurt,2,1665.56,304.58,496.87,Air
2023-06-03 00:00:00,2023-08-03 00:00:00,Manchester,Frankfurt,2,1665.56,304.58,397.28,Air
3/13/23,3/15/23,Manchester,Frankfurt,2,1665.56,304.58,397.38,Air
2023-07-08 00:00:00,2023-10-08 00:00:00,Manchester,Frankfurt,2,1665.56,304.58,496.97,Air
7/31/23,2023-03-08 00:00:00,Manchester,Frankfurt,2,1665.56,304.58,572.07,Air
2023-11-09 00:00:00,9/14/23,Manchester,Frankfurt,2,1665.56,304.58,266.37,Air
10/23/23,10/25/23,Manchester,Frankfurt,2,1665.56,304.58,445.87,Air
10/16/23,10/18/23,Manchester,Frankfurt,2,1665.56,304.58,445.87,Air
4/24/23,4/27/23,Manchester,Frankfurt,2,1665.56,304.58,545.71,Air
2023-03-04 00:00:00,2023-06-04 00:00:00,Manchester,Frankfurt,2,1665.56,304.58,400.81,Air
3/20/23,3/23/23,Manchester,Frankfurt,2,1665.56,304.58,428.38,Air
2023-06-11 00:00:00,2023-06-11 00:00:00,Manchester,Frankfurt,1,832.78,152.29,227.58,Air
11/27/23,11/27/23,Manchester,Frankfurt,1,832.78,152.29,207.08,Air
11/13/23,11/13/23,Manchester,Frankfurt,1,832.78,152.29,227.58,Air
11/20/23,11/20/23,Manchester,Frankfurt,1,832.78,152.29,227.58,Air
6/19/23,6/21/23,Manchester,Frankfurt,2,1665.56,304.58,484.97,Air
7/17/23,7/20/23,Manchester,Frankfurt,2,1665.56,304.58,571.57,Air
8/14/23,8/17/23,Manchester,Frankfurt,2,1665.56,304.58,444.97,Air
5/30/23,5/31/23,Manchester,Frankfurt,2,1665.56,304.58,437.87,Air
2023-04-12 00:00:00,2023-04-12 00:00:00,Manchester,Frankfurt,1,832.78,152.29,207.08,Air
8/21/23,8/24/23,Manchester,Frankfurt,2,1665.56,304.58,444.97,Air
7/24/23,7/27/23,Manchester,Frankfurt,2,1665.56,304.58,572.07,Air
8/28/23,2023-07-09 00:00:00,Manchester,Frankfurt,2,1665.56,304.58,444.97,Air
9/25/23,9/28/23,Manchester,Frankfurt,2,1665.56,304.58,325.77,Air
2023-01-05 00:00:00,2023-03-05 00:00:00,Manchester,Frankfurt,2,1665.56,304.58,486.27,Air
5/22/23,5/24/23,Manchester,Frankfurt,2,1665.56,304.58,406.87,Air
5/15/23,5/17/23,Manchester,Frankfurt,2,1665.56,304.58,406.87,Air
4/17/23,4/19/23,Manchester,Frankfurt,2,1665.56,304.58,431.81,Air
2/27/23,2023-01-03 00:00:00,Manchester,Frankfurt,2,1665.56,304.58,397.88,Air
2023-09-10 00:00:00,2023-11-10 00:00:00,Manchester,Frankfurt,2,1665.56,304.58,445.47,Air
2023-02-10 00:00:00,2023-04-10 00:00:00,Manchester,Frankfurt,2,1665.56,304.58,445.47,Air
2023-05-06 00:00:00,2023-07-06 00:00:00,Manchester,Frankfurt,2,1665.56,304.58,406.07,Air
2023-02-10 00:00:00,2023-06-10 00:00:00,London,Frankfurt,2,1308.3,356.62,263.38,Air
9/25/23,9/28/23,London,Frankfurt,2,1308.3,356.62,288.98,Air
2023-09-10 00:00:00,2023-12-10 00:00:00,London,Frankfurt,2,1308.3,356.62,252.78,Air
11/24/21,11/27/21,Manchester,Paris,2,1182.04,290.63,99.98,Air
1/20/20,1/22/20,Manchester,Paris,2,1182.04,288.77,111.08,Air
2021-05-10 00:00:00,2021-06-10 00:00:00,Manchester,Frankfurt,2,1665.56,251.53,446.37,Air
2023-01-02 00:00:00,2023-01-02 00:00:00,Manchester,Paris,1,591.02,161.1,215.48,Air
11/28/23,2023-07-12 00:00:00,Glasgow,Frankfurt,2,2166.39,396.17,412.87,Air
5/22/23,5/26/23,Glasgow,Frankfurt,2,2166.39,396.17,878.07,Air
4/17/23,4/27/23,Glasgow,Frankfurt,2,2166.39,396.17,453.37,Air
2023-11-12 00:00:00,12/15/23,Glasgow,Frankfurt,2,2166.39,396.17,347.27,Air
11/13/23,11/23/23,Glasgow,Frankfurt,2,2166.39,396.17,497.67,Air
5/15/23,5/18/23,Glasgow,Frankfurt,2,2166.39,396.17,622.97,Air
2023-04-09 00:00:00,9/14/23,Glasgow,Frankfurt,2,2166.39,396.17,531.17,Air
2023-12-06 00:00:00,6/15/23,Glasgow,Frankfurt,2,2166.39,396.17,591.57,Air
10/26/22,10/28/22,Glasgow,London,2,1109.97,272.91,292.89,Air
12/18/23,12/21/23,Glasgow,Frankfurt,2,2166.39,396.17,322.47,Air
9/27/23,2023-05-10 00:00:00,Glasgow,Frankfurt,2,2166.39,396.17,411.87,Air
2023-08-05 00:00:00,2023-12-05 00:00:00,Glasgow,Frankfurt,2,2166.39,396.17,453.57,Air
2023-12-10 00:00:00,10/20/23,Glasgow,Frankfurt,2,2166.39,396.17,452.57,Air
10/31/23,10/31/23,Glasgow,Frankfurt,1,1083.2,198.08,251.27,Air
9/18/23,9/21/23,Glasgow,Frankfurt,2,2166.39,396.17,451.57,Air
2/27/23,2023-03-03 00:00:00,Glasgow,Frankfurt,2,2166.39,396.17,374.67,Air
8/21/23,8/30/23,Glasgow,Frankfurt,2,2166.39,396.17,365.87,Air
2023-06-03 00:00:00,3/16/23,Glasgow,Frankfurt,2,2166.39,396.17,413.77,Air
2023-01-05 00:00:00,2023-05-05 00:00:00,Glasgow,Frankfurt,2,2166.39,396.17,454.17,Air
3/20/23,3/24/23,Glasgow,Frankfurt,2,2166.39,396.17,413.97,Air
3/28/23,2023-06-04 00:00:00,Glasgow,Frankfurt,2,2166.39,396.17,454.17,Air
3/28/23,3/30/23,Manchester,Frankfurt,2,1665.56,304.58,396.98,Air
4/25/23,4/26/23,London,Frankfurt,2,1308.3,356.62,355.28,Air
11/26/22,11/26/22,Paris,London,1,348.74,85.75,236.4,Air
2/14/23,2/16/23,London,Frankfurt,2,1308.3,356.62,308.78,Air
2023-03-04 00:00:00,2023-04-04 00:00:00,London,Frankfurt,2,1308.3,356.62,294.68,Air
9/26/22,9/28/22,London,Frankfurt,2,1308.3,321.67,545.87,Air
5/15/23,5/17/23,London,Frankfurt,2,1308.3,356.62,469.48,Air
9/13/22,9/15/22,London,Frankfurt,2,1308.3,321.67,458.87,Air
2022-08-11 00:00:00,2022-11-11 00:00:00,London,Frankfurt,2,1308.3,321.67,258.27,Air
3/21/23,3/23/23,London,Frankfurt,2,1308.3,356.62,330.68,Air
11/22/22,11/23/22,London,Frankfurt,2,1102.98,271.19,358.27,Air
3/13/23,3/15/23,London,Frankfurt,2,1308.3,356.62,330.98,Air
3/20/20,3/20/20,Manchester,Paris,2,1164.69,284.53,508.64,Air
10/25/22,10/27/22,London,Frankfurt,2,1308.3,321.67,389.77,Air
6/26/23,6/28/23,London,Frankfurt,2,1308.3,356.62,352.18,Air
2022-10-10 00:00:00,2022-12-10 00:00:00,London,Frankfurt,2,1308.3,321.67,505.97,Air
10/24/22,10/26/22,Manchester,Paris,2,1182.04,290.63,414.15,Air
5/15/23,5/16/23,Manchester,Paris,2,1182.04,322.2,161.97,Air
7/17/23,7/17/23,London,Frankfurt,1,620.88,169.24,457.12,Air
2023-01-06 00:00:00,2023-01-06 00:00:00,Frankfurt,London,1,620.88,169.24,193.47,Air
2023-09-02 00:00:00,2023-09-02 00:00:00,Frankfurt,London,1,654.15,178.31,167.5,Air
10/22/23,10/22/23,London,Frankfurt,1,654.15,178.31,252.98,Air
10/14/23,10/14/23,Frankfurt,London,1,654.15,178.31,345.52,Air
6/27/23,6/29/23,London,Frankfurt,2,1241.76,338.48,372.82,Air
2/23/23,2/23/23,Frankfurt,London,1,654.15,178.31,168.9,Air
2023-01-11 00:00:00,2023-01-11 00:00:00,Frankfurt,London,1,620.88,169.24,184.8,Air
8/22/23,8/23/23,London,Frankfurt,2,1308.3,356.62,287.78,Air
7/31/23,2023-02-08 00:00:00,London,Frankfurt,2,1241.76,338.48,345.02,Air
2023-04-09 00:00:00,2023-07-09 00:00:00,London,Frankfurt,2,1241.76,338.48,373.12,Air
9/20/23,9/21/23,London,Frankfurt,2,1241.76,338.48,468.32,Air
2023-02-10 00:00:00,2023-05-10 00:00:00,London,Frankfurt,2,1241.76,338.48,289.62,Air
3/23/23,3/23/23,Frankfurt,London,1,654.15,178.31,167.1,Air
2023-04-10 00:00:00,2023-04-10 00:00:00,Frankfurt,London,1,620.88,169.24,214.6,Air
2023-09-03 00:00:00,2023-09-03 00:00:00,Frankfurt,London,1,620.88,169.24,217.3,Air
12/15/23,12/15/23,Frankfurt,London,1,620.88,169.24,212.0,Air
2023-03-03 00:00:00,2023-03-03 00:00:00,Frankfurt,London,1,654.15,178.31,167.3,Air
6/20/23,6/22/23,London,Frankfurt,2,1241.76,338.48,562.02,Air
2023-05-07 00:00:00,2023-07-07 00:00:00,London,Frankfurt,2,1308.3,356.62,262.58,Air
2023-03-04 00:00:00,2023-03-04 00:00:00,London,Frankfurt,1,620.88,169.24,249.12,Air
2023-11-04 00:00:00,4/14/23,London,Frankfurt,2,1241.76,338.48,346.22,Air
2023-02-05 00:00:00,2023-05-05 00:00:00,London,Frankfurt,2,1241.76,338.48,374.72,Air
8/16/23,8/16/23,Frankfurt,London,1,620.88,169.24,243.4,Air
2/16/23,2/16/23,Frankfurt,London,1,620.88,169.24,218.9,Air
7/21/23,7/21/23,Frankfurt,London,1,620.88,169.24,242.1,Air
4/18/23,4/27/23,London,Frankfurt,2,1241.76,338.48,234.32,Air
3/31/23,3/31/23,Frankfurt,London,1,620.88,169.24,248.4,Air
3/20/23,3/20/23,London,Frankfurt,1,654.15,178.31,214.58,Air
2023-05-06 00:00:00,2023-09-06 00:00:00,London,Frankfurt,2,1241.76,338.48,317.32,Air
8/15/23,8/15/23,London,Frankfurt,1,620.88,169.24,219.12,Air
12/18/23,12/19/23,London,Frankfurt,2,1241.76,338.48,562.32,Air
2023-12-06 00:00:00,6/15/23,London,Frankfurt,2,1241.76,338.48,429.22,Air
11/13/23,11/15/23,London,Frankfurt,2,1241.76,338.48,345.82,Air
2023-06-03 00:00:00,2023-06-03 00:00:00,London,Frankfurt,1,620.88,169.24,215.46,Air
10/16/23,10/16/23,London,Frankfurt,1,620.88,169.24,219.12,Air
2/27/23,2/27/23,London,Frankfurt,1,654.15,178.31,197.68,Air
5/15/23,5/19/23,London,Frankfurt,2,1241.76,338.48,373.82,Air
10/20/23,10/20/23,Frankfurt,London,1,620.88,169.24,243.4,Air
10/18/23,10/18/23,London,Frankfurt,1,620.88,169.24,323.12,Air
9/25/23,9/28/23,London,Frankfurt,2,1241.76,338.48,457.42,Air
3/28/23,3/28/23,London,Frankfurt,1,620.88,169.24,157.12,Air
2/15/23,2/15/23,London,Frankfurt,1,620.88,169.24,124.46,Air
2023-06-04 00:00:00,2023-06-04 00:00:00,Frankfurt,London,1,620.88,169.24,247.3,Air
2023-08-08 00:00:00,2023-09-08 00:00:00,London,Frankfurt,2,1308.3,356.62,269.88,Air
2023-08-02 00:00:00,2023-08-02 00:00:00,London,Frankfurt,1,654.15,178.31,178.18,Air
2/21/23,2/21/23,London,Frankfurt,1,654.15,178.31,197.68,Air
2023-07-11 00:00:00,2023-09-11 00:00:00,London,Frankfurt,2,1241.76,338.48,429.82,Air
9/13/23,9/15/23,Manchester,Paris,2,1182.04,322.2,168.24,Air
2022-05-09 00:00:00,2022-09-09 00:00:00,London,Frankfurt,2,1308.3,321.67,573.37,Air
2/16/23,2/16/23,Frankfurt,London,1,654.15,178.31,650.98,Air
8/30/22,2022-01-09 00:00:00,London,Frankfurt,2,1308.3,321.67,468.77,Air
2/27/23,2023-03-03 00:00:00,London,Frankfurt,2,1308.3,356.62,247.38,Air
2023-06-02 00:00:00,2023-10-02 00:00:00,London,Frankfurt,2,1308.3,356.62,268.28,Air
2022-02-12 00:00:00,2022-02-12 00:00:00,Frankfurt,London,1,654.15,160.84,489.97,Air
2/20/23,2/24/23,London,Frankfurt,2,1308.3,356.62,268.28,Air
11/20/23,11/24/23,London,Frankfurt,2,1308.3,356.62,218.08,Air
11/27/23,2023-01-12 00:00:00,London,Frankfurt,2,1308.3,356.62,253.48,Air
2023-06-11 00:00:00,2023-10-11 00:00:00,London,Frankfurt,2,1308.3,356.62,253.48,Air
11/13/23,11/17/23,London,Frankfurt,2,1308.3,356.62,233.58,Air
8/22/22,8/26/22,London,Frankfurt,2,1308.3,321.67,274.67,Air
2022-08-08 00:00:00,2022-12-08 00:00:00,London,Frankfurt,2,1308.3,321.67,254.87,Air
8/15/22,8/19/22,London,Frankfurt,2,1308.3,321.67,329.67,Air
1/23/23,1/26/23,London,Frankfurt,2,1308.3,356.62,226.51,Air
2023-09-01 00:00:00,2023-12-01 00:00:00,London,Frankfurt,2,1308.3,356.62,246.31,Air
1/16/23,1/19/23,London,Frankfurt,2,1308.3,356.62,246.31,Air
1/30/23,2023-02-02 00:00:00,London,Frankfurt,2,1308.3,356.62,211.01,Air
2022-11-10 00:00:00,10/14/22,London,Frankfurt,2,1308.3,321.67,294.77,Air
3/14/22,3/18/22,London,Frankfurt,2,1308.3,321.67,203.07,Air
11/15/22,11/18/22,London,Frankfurt,2,1308.3,321.67,188.77,Air
11/22/22,11/25/22,London,Frankfurt,2,1308.3,321.67,199.27,Air
2022-08-11 00:00:00,2022-11-11 00:00:00,London,Frankfurt,2,1308.3,321.67,209.97,Air
2022-01-11 00:00:00,2022-04-11 00:00:00,London,Frankfurt,2,1308.3,321.67,224.47,Air
4/17/23,4/21/23,London,Frankfurt,2,1308.3,356.62,255.48,Air
3/21/22,3/25/22,London,Frankfurt,2,1308.3,321.67,285.97,Air
3/20/23,3/24/23,London,Frankfurt,2,1308.3,356.62,198.78,Air
2023-06-03 00:00:00,2023-10-03 00:00:00,London,Frankfurt,2,1308.3,356.62,244.78,Air
3/27/23,3/31/23,London,Frankfurt,2,1308.3,356.62,290.78,Air
10/16/23,10/20/23,London,Frankfurt,2,1308.3,356.62,252.18,Air
2023-01-10 00:00:00,2023-06-10 00:00:00,London,Frankfurt,2,1308.3,356.62,252.18,Air
2023-09-10 00:00:00,10/13/23,London,Frankfurt,2,1308.3,356.62,288.28,Air
2023-07-08 00:00:00,2023-11-08 00:00:00,London,Frankfurt,2,1308.3,356.62,242.68,Air
7/31/23,2023-04-08 00:00:00,London,Frankfurt,2,1308.3,356.62,346.38,Air
8/14/23,8/18/23,London,Frankfurt,2,1308.3,356.62,312.78,Air
2023-06-09 00:00:00,2023-08-09 00:00:00,London,Frankfurt,2,1308.3,356.62,212.58,Air
9/18/23,9/22/23,London,Frankfurt,2,1308.3,356.62,382.08,Air
9/25/23,9/27/23,London,Frankfurt,2,1308.3,356.62,216.58,Air
2023-11-09 00:00:00,9/15/23,London,Frankfurt,2,1308.3,356.62,427.08,Air
2023-11-12 00:00:00,12/15/23,London,Frankfurt,2,1308.3,356.62,317.48,Air
12/18/23,12/21/23,London,Frankfurt,2,1308.3,356.62,336.48,Air
2023-09-05 00:00:00,2023-12-05 00:00:00,London,Frankfurt,2,1308.3,356.62,254.68,Air
2023-02-05 00:00:00,2023-05-05 00:00:00,London,Frankfurt,2,1308.3,356.62,234.68,Air
4/24/23,4/26/23,London,Frankfurt,2,1308.3,356.62,291.18,Air
5/22/23,5/26/23,London,Frankfurt,2,1308.3,356.62,371.18,Air
5/15/23,5/19/23,London,Frankfurt,2,1308.3,356.62,234.68,Air
2023-12-06 00:00:00,6/16/23,London,Frankfurt,2,1308.3,356.62,234.68,Air
2023-05-06 00:00:00,2023-09-06 00:00:00,London,Frankfurt,2,1257.95,342.89,194.77,Air
5/30/23,2023-02-06 00:00:00,London,Frankfurt,2,1308.3,356.62,315.68,Air
2023-10-07 00:00:00,7/14/23,London,Frankfurt,2,1308.3,356.62,269.98,Air
6/26/23,6/30/23,London,Frankfurt,2,1308.3,356.62,279.98,Air
6/19/23,6/23/23,London,Frankfurt,2,1308.3,356.62,254.48,Air
7/17/23,7/21/23,London,Frankfurt,2,1308.3,356.62,234.48,Air
7/24/23,7/28/23,London,Frankfurt,2,1308.3,356.62,244.88,Air
2022-12-09 00:00:00,9/15/22,London,Frankfurt,2,1308.3,321.67,468.37,Air
9/26/22,9/29/22,London,Frankfurt,2,1308.3,321.67,373.37,Air
9/19/22,9/22/22,London,Frankfurt,2,1308.3,321.67,428.37,Air
2022-12-12 00:00:00,12/16/22,London,Frankfurt,2,1308.3,321.67,313.87,Air
2022-05-12 00:00:00,2022-08-12 00:00:00,London,Frankfurt,2,1308.3,321.67,284.87,Air
10/18/22,10/21/22,London,Frankfurt,2,1308.3,321.67,333.87,Air
10/25/22,10/28/22,London,Frankfurt,2,1308.3,321.67,333.87,Air
2022-04-10 00:00:00,2022-07-10 00:00:00,London,Frankfurt,2,1308.3,321.67,375.17,Air
10/30/23,2023-03-11 00:00:00,London,Frankfurt,2,1308.3,356.62,289.58,Air
2023-09-10 00:00:00,10/15/23,Glasgow,Frankfurt,2,2166.39,396.17,451.87,Air
8/16/23,8/25/23,Manchester,Frankfurt,2,1665.56,304.58,280.87,Air
2023-03-07 00:00:00,7/14/23,Manchester,Frankfurt,2,1665.56,304.58,415.87,Air
2023-05-06 00:00:00,6/15/23,Manchester,Frankfurt,2,1665.56,304.58,529.97,Air
6/19/23,6/30/23,Manchester,Frankfurt,2,1665.56,304.58,619.97,Air
7/17/23,7/27/23,Manchester,Frankfurt,2,1665.56,304.58,390.47,Air
2023-04-09 00:00:00,2023-07-09 00:00:00,Glasgow,Frankfurt,2,2166.39,396.17,496.07,Air
7/25/23,7/27/23,Glasgow,Frankfurt,2,2166.39,396.17,462.67,Air
9/13/22,9/15/22,Glasgow,London,2,1109.97,272.91,292.89,Air
2022-11-10 00:00:00,10/13/22,Glasgow,Frankfurt,2,2166.39,327.17,371.19,Air
2023-08-08 00:00:00,2023-10-08 00:00:00,Glasgow,Frankfurt,2,2166.39,396.17,746.37,Air
2/23/22,2/25/22,Manchester,Frankfurt,2,1665.56,251.53,511.78,Air
7/14/23,7/14/23,Frankfurt,London,1,620.88,169.24,353.7,Air
2023-01-09 00:00:00,2023-01-09 00:00:00,Frankfurt,London,1,620.88,169.24,204.8,Air
10/16/23,10/16/23,Manchester,Frankfurt,1,832.78,152.29,444.07,Air
2/16/21,2/18/21,Glasgow,London,2,1109.97,272.91,254.08,Air
4/22/21,4/23/21,Glasgow,London,2,1109.97,272.91,152.46,Air
7/19/22,7/20/22,Glasgow,London,2,1109.97,272.91,460.89,Air
8/19/21,8/20/21,Glasgow,London,4,2380.84,585.38,96.96,Air
8/19/21,8/20/21,Glasgow,London,2,1190.42,292.69,117.98,Air
2020-08-12 00:00:00,2020-10-12 00:00:00,Glasgow,London,2,1109.97,271.17,99.75,Air
2021-11-08 00:00:00,8/13/21,Glasgow,London,2,1109.97,272.91,322.41,Air
2022-12-12 00:00:00,12/13/22,Glasgow,London,2,1109.97,272.91,455.89,Air
10/20/21,10/22/21,Glasgow,London,2,1109.97,272.91,205.41,Air
2020-06-10 00:00:00,2020-07-10 00:00:00,Glasgow,London,2,1109.97,271.17,171.75,Air
2022-10-02 00:00:00,2022-11-02 00:00:00,Glasgow,London,2,1109.97,272.91,127.89,Air
1/31/21,2021-01-02 00:00:00,Glasgow,London,2,1109.97,272.91,231.2,Air
9/13/21,9/14/21,Glasgow,London,2,1190.42,292.69,187.46,Air
2022-04-04 00:00:00,2022-06-04 00:00:00,Glasgow,Frankfurt,2,2166.39,327.17,351.49,Air
6/14/22,6/18/22,Glasgow,Frankfurt,2,2166.39,327.17,325.89,Air
2021-03-03 00:00:00,2021-05-03 00:00:00,Glasgow,London,2,1109.97,272.91,129.08,Air
2022-03-05 00:00:00,2022-05-05 00:00:00,Glasgow,Frankfurt,2,2166.39,327.17,351.59,Air
5/19/21,5/20/21,Glasgow,London,2,1077.94,265.03,102.98,Air
7/14/20,7/16/20,Glasgow,London,2,1109.97,271.17,281.28,Air
7/22/20,7/24/20,Glasgow,London,2,1123.07,274.37,193.74,Air
2022-04-10 00:00:00,2022-06-10 00:00:00,Glasgow,Frankfurt,2,2166.39,327.17,369.79,Air
1/16/23,1/20/23,Glasgow,Frankfurt,2,2166.39,396.17,454.27,Air
3/15/23,3/15/23,Glasgow,Frankfurt,1,1083.2,198.08,427.47,Air
2022-09-11 00:00:00,2022-09-11 00:00:00,Manchester,Paris,2,1182.04,290.63,149.4,Air
2023-02-04 00:00:00,2023-06-04 00:00:00,Manchester,Paris,2,1182.04,322.2,532.11,Air
2023-12-11 00:00:00,2023-12-11 00:00:00,Manchester,Paris,1,591.02,161.1,150.99,Air
2023-06-02 00:00:00,2023-08-02 00:00:00,Manchester,Paris,2,1182.04,322.2,183.76,Air
9/13/23,9/13/23,Manchester,Paris,1,591.02,161.1,83.48,Air
2023-09-05 00:00:00,5/15/23,London,Frankfurt,2,1308.3,356.62,244.68,Air
6/26/23,2023-05-07 00:00:00,London,Frankfurt,2,1308.3,356.62,312.58,Air
2023-10-07 00:00:00,7/19/23,London,Frankfurt,2,1308.3,356.62,242.58,Air
5/30/23,2023-08-06 00:00:00,London,Frankfurt,2,1308.3,356.62,391.58,Air
2023-12-06 00:00:00,6/21/23,London,Frankfurt,2,1308.3,356.62,382.88,Air
7/23/23,2023-02-08 00:00:00,London,Frankfurt,2,1308.3,356.62,348.88,Air
2023-03-05 00:00:00,2023-05-05 00:00:00,London,Frankfurt,2,1308.3,356.62,292.28,Air
2023-07-08 00:00:00,8/18/23,London,Frankfurt,2,1308.3,356.62,257.68,Air
3/15/23,3/15/23,Paris,London,1,348.74,95.06,130.8,Air
7/24/23,7/24/23,Glasgow,London,1,554.99,151.28,129.35,Air
7/31/23,2023-03-08 00:00:00,Glasgow,London,2,1134.18,309.16,231.46,Air
11/13/23,11/16/23,Glasgow,London,2,1109.97,302.56,166.03,Air
2023-12-06 00:00:00,6/15/23,Glasgow,London,2,1190.42,324.49,316.46,Air
2023-07-08 00:00:00,2023-10-08 00:00:00,Glasgow,London,2,1109.97,302.56,303.03,Air
8/14/23,8/17/23,Glasgow,London,2,1150.2,313.52,239.03,Air
9/25/23,9/25/23,Glasgow,London,1,595.21,162.24,83.35,Air
10/30/23,2023-02-11 00:00:00,Glasgow,London,2,1109.97,302.56,189.03,Air
12/18/23,12/21/23,Glasgow,London,2,1109.97,302.56,60.0,Air
10/23/23,10/26/23,Glasgow,London,2,1109.97,302.56,253.03,Air
12/18/23,12/21/23,Glasgow,London,2,1109.97,302.56,185.03,Air
6/26/23,6/29/23,Glasgow,London,2,1134.18,309.16,256.96,Air
2023-10-07 00:00:00,7/13/23,Glasgow,London,2,1056.23,287.91,207.96,Air
7/17/23,7/20/23,Glasgow,London,2,1123.07,306.13,299.97,Air
2023-11-09 00:00:00,9/14/23,Glasgow,London,2,1190.42,324.49,158.46,Air
2023-04-09 00:00:00,2023-07-09 00:00:00,Glasgow,London,2,1134.18,309.16,195.96,Air
2023-12-06 00:00:00,6/15/23,Glasgow,London,2,1150.2,313.52,470.03,Air
2023-12-06 00:00:00,6/15/23,Glasgow,London,2,1190.42,324.49,245.46,Air
6/19/23,6/22/23,Glasgow,London,2,1190.42,324.49,232.96,Air
8/21/23,8/24/23,Glasgow,London,2,1109.97,302.56,311.03,Air
10/16/23,10/19/23,Glasgow,London,2,1123.07,306.13,275.03,Air
2023-09-10 00:00:00,2023-12-10 00:00:00,Glasgow,London,2,1109.97,302.56,331.03,Air
2023-04-12 00:00:00,2023-07-12 00:00:00,Glasgow,London,2,1109.97,302.56,239.03,Air
2023-11-12 00:00:00,12/14/23,Glasgow,London,2,1109.97,302.56,189.03,Air
11/20/23,11/23/23,Glasgow,London,2,1109.97,302.56,267.03,Air
2023-02-10 00:00:00,2023-05-10 00:00:00,Glasgow,London,2,1109.97,302.56,303.03,Air
5/23/23,5/26/23,Glasgow,London,2,1109.97,302.56,678.03,Air
11/24/21,11/24/21,Manchester,Paris,1,591.02,145.31,64.98,Air
2022-12-06 00:00:00,6/17/22,Manchester,Paris,2,1182.04,290.63,200.2,Air
7/17/23,7/20/23,Manchester,Frankfurt,2,1964.48,359.24,688.27,Air
2022-10-10 00:00:00,10/13/22,Manchester,Frankfurt,2,1665.56,251.53,427.1,Air
4/19/22,4/20/22,Manchester,Frankfurt,2,1665.56,251.53,387.08,Air
2023-12-10 00:00:00,2023-12-10 00:00:00,Manchester,Frankfurt,1,832.78,152.29,339.87,Air
11/14/23,11/16/23,Manchester,Frankfurt,2,1665.56,304.58,440.18,Air
2/23/20,2/28/20,Manchester,Paris,2,1182.04,288.77,113.03,Air
9/26/22,9/28/22,Manchester,Frankfurt,2,1665.56,251.53,735.6,Air
2023-05-02 00:00:00,2023-10-02 00:00:00,Manchester,Paris,2,1182.04,322.2,166.87,Air
2023-03-04 00:00:00,2023-05-04 00:00:00,Manchester,Frankfurt,2,1665.56,304.58,560.27,Air
2023-01-02 00:00:00,2023-02-02 00:00:00,Manchester,Paris,2,1182.04,322.2,277.69,Air
3/23/22,3/24/22,London,Frankfurt,2,1486.93,286.6,619.77,Air
2/23/20,2/28/20,Manchester,Paris,2,1182.04,288.77,49.48,Air
2023-11-01 00:00:00,1/13/23,Manchester,Frankfurt,2,1665.56,304.58,506.48,Air
2023-04-06 00:00:00,2023-09-06 00:00:00,Manchester,Paris,2,1182.04,322.2,182.65,Air
2023-04-06 00:00:00,2023-09-06 00:00:00,Manchester,Paris,2,1182.04,322.2,101.94,Air
1/23/23,1/27/23,Manchester,Frankfurt,2,1665.56,380.72,983.68,Air
2023-03-07 00:00:00,2023-03-07 00:00:00,Manchester,Frankfurt,1,832.78,152.29,472.17,Air
2021-08-11 00:00:00,2021-08-11 00:00:00,Manchester,Paris,1,591.02,145.31,79.48,Air
11/15/22,11/18/22,Manchester,Paris,2,1182.04,290.63,160.18,Air
2023-01-02 00:00:00,2023-01-02 00:00:00,Manchester,Paris,2,1182.04,322.2,57.98,Air
2023-01-02 00:00:00,2023-02-02 00:00:00,Manchester,Paris,2,1182.04,322.2,272.69,Air
9/25/23,9/29/23,Manchester,Frankfurt,2,1665.56,304.58,725.77,Air
9/18/23,9/18/23,Manchester,Frankfurt,1,832.78,152.29,304.77,Air
6/26/23,6/29/23,Manchester,Frankfurt,2,1665.56,304.58,520.37,Air
2023-10-10 00:00:00,10/13/23,Manchester,Frankfurt,2,1665.56,304.58,536.37,Air
10/17/23,10/20/23,Manchester,Frankfurt,2,1665.56,304.58,660.57,Air
10/23/23,10/27/23,Manchester,Frankfurt,2,1665.56,304.58,461.47,Air
6/19/23,6/22/23,Manchester,Frankfurt,2,1665.56,304.58,595.87,Air
2023-11-12 00:00:00,2023-11-12 00:00:00,Manchester,Frankfurt,1,832.78,152.29,333.08,Air
3/22/22,3/25/22,Manchester,Frankfurt,2,1665.56,251.53,361.88,Air
2023-10-01 00:00:00,2023-10-01 00:00:00,Manchester,Frankfurt,1,832.78,152.29,321.98,Air
2022-05-04 00:00:00,2022-06-04 00:00:00,Manchester,Frankfurt,2,1665.56,251.53,468.08,Air
2022-09-08 00:00:00,2022-11-08 00:00:00,Manchester,Frankfurt,2,1665.56,377.28,665.5,Air
2022-03-05 00:00:00,2022-05-05 00:00:00,Manchester,Frankfurt,2,1665.56,251.53,392.17,Air
11/13/23,11/13/23,Manchester,Frankfurt,1,832.78,152.29,437.78,Air
6/29/22,6/30/22,Manchester,Frankfurt,2,1665.56,314.41,489.6,Air
9/14/21,9/16/21,Manchester,Frankfurt,2,1665.56,251.53,532.87,Air
9/21/21,9/23/21,Manchester,Frankfurt,2,1665.56,251.53,530.17,Air
2022-09-02 00:00:00,2022-10-02 00:00:00,London,Frankfurt,2,1308.3,321.67,325.97,Air
2021-06-09 00:00:00,2021-08-09 00:00:00,London,Frankfurt,2,1308.3,321.67,253.32,Air
11/22/22,11/22/22,London,Frankfurt,1,620.88,152.66,155.46,Air
3/20/23,3/23/23,Manchester,Frankfurt,2,1665.56,304.58,611.08,Air
2023-05-09 00:00:00,2023-08-09 00:00:00,Manchester,Frankfurt,2,1665.56,304.58,689.87,Air
2020-11-02 00:00:00,2020-12-02 00:00:00,Manchester,Frankfurt,2,1665.56,254.8,580.84,Air
2022-12-09 00:00:00,2022-12-09 00:00:00,Manchester,Frankfurt,1,832.78,188.64,713.0,Air
7/26/22,7/28/22,Manchester,Frankfurt,2,1665.56,377.28,617.5,Air
8/28/23,8/31/23,Manchester,Frankfurt,2,1665.56,304.58,689.17,Air
8/14/23,8/17/23,Manchester,Frankfurt,2,1665.56,304.58,591.37,Air
2023-02-05 00:00:00,2023-04-05 00:00:00,Manchester,Frankfurt,2,1665.56,304.58,567.47,Air
2023-11-01 00:00:00,2023-11-01 00:00:00,London,Frankfurt,1,620.88,169.24,139.46,Air
5/15/23,5/17/23,London,Frankfurt,2,1308.3,356.62,408.58,Air
2/15/23,2/17/23,Manchester,Frankfurt,2,1665.56,304.58,599.78,Air
9/20/22,9/21/22,Manchester,Frankfurt,2,1665.56,251.53,859.8,Air
2022-11-05 00:00:00,5/13/22,Manchester,Frankfurt,2,1665.56,251.53,472.17,Air
2/27/23,2023-03-03 00:00:00,Manchester,Frankfurt,2,1665.56,380.72,515.28,Air
2/15/23,2/15/23,Manchester,Frankfurt,2,898.42,244.89,651.64,Air
3/23/22,3/24/22,Frankfurt,London,2,1308.3,321.67,468.57,Air
2023-03-01 00:00:00,2023-05-01 00:00:00,Manchester,Frankfurt,2,1665.56,304.58,506.48,Air
7/13/23,7/14/23,Manchester,Frankfurt,2,1665.56,304.58,665.57,Air
2023-12-06 00:00:00,6/15/23,Manchester,Frankfurt,2,1665.56,304.58,854.87,Air
2023-03-10 00:00:00,2023-06-10 00:00:00,Manchester,Frankfurt,2,1665.56,304.58,461.27,Air
2/22/22,2/24/22,Manchester,Frankfurt,2,1665.56,251.53,466.78,Air
2023-10-07 00:00:00,2023-11-07 00:00:00,Manchester,Frankfurt,2,1665.56,304.58,634.57,Air
2022-11-12 00:00:00,12/16/22,Manchester,Paris,2,1182.04,290.63,265.98,Air
2023-05-07 00:00:00,2023-05-07 00:00:00,Frankfurt,London,1,654.15,178.31,228.1,Air
8/22/23,8/25/23,Manchester,Paris,2,1182.04,322.2,227.27,Air
2023-12-06 00:00:00,6/14/23,Manchester,Paris,2,1182.04,322.2,238.47,Air
2/22/22,2/24/22,Manchester,Frankfurt,2,1665.56,251.53,466.78,Air
7/26/22,7/28/22,Manchester,Frankfurt,2,1665.56,377.28,617.5,Air
3/23/22,3/23/22,Frankfurt,London,1,654.15,160.84,131.0,Air
4/19/22,4/20/22,Manchester,Frankfurt,2,1665.56,251.53,386.98,Air
11/15/22,11/18/22,Manchester,Paris,2,1182.04,290.63,119.18,Air
5/16/22,5/19/22,Manchester,Frankfurt,2,1665.56,251.53,322.97,Air
2023-09-05 00:00:00,2023-12-05 00:00:00,Manchester,Frankfurt,2,1665.56,304.58,345.4,Air
2022-03-05 00:00:00,2022-04-05 00:00:00,Manchester,Frankfurt,2,1665.56,251.53,392.17,Air
2021-08-11 00:00:00,2021-08-11 00:00:00,Manchester,Paris,1,591.02,145.31,79.48,Air
2022-07-03 00:00:00,2022-09-03 00:00:00,Manchester,Frankfurt,2,1665.56,251.53,465.78,Air
3/21/22,3/21/22,Manchester,Frankfurt,1,832.78,125.77,268.68,Air
6/29/22,6/30/22,Manchester,Frankfurt,2,1665.56,251.53,403.5,Air
3/28/23,3/30/23,London,Frankfurt,2,1486.93,330.6,433.68,Air
2022-06-09 00:00:00,2022-07-09 00:00:00,London,Frankfurt,2,1308.3,321.67,754.17,Air
10/16/23,10/18/23,London,Frankfurt,2,1308.3,356.62,367.08,Air
10/17/22,10/19/22,London,Frankfurt,2,1308.3,321.67,546.17,Air
9/25/23,9/26/23,London,Frankfurt,2,1308.3,356.62,213.68,Air
2023-10-07 00:00:00,2023-12-07 00:00:00,London,Frankfurt,2,1308.3,356.62,366.68,Air
2023-11-12 00:00:00,12/13/23,London,Frankfurt,2,1308.3,356.62,724.68,Air
5/22/23,5/24/23,London,Frankfurt,2,1308.3,356.62,884.38,Air
10/23/23,10/25/23,London,Frankfurt,2,1308.3,356.62,415.08,Air
6/26/23,6/28/23,London,Frankfurt,2,1308.3,356.62,75.1,Air
12/18/23,12/20/23,London,Frankfurt,2,1308.3,356.62,573.68,Air
11/13/23,11/15/23,London,Frankfurt,2,1308.3,356.62,392.28,Air
9/21/22,9/21/22,Frankfurt,London,1,654.15,160.84,709.87,Air
2023-04-12 00:00:00,2023-07-12 00:00:00,London,Frankfurt,2,1308.3,356.62,884.28,Air
8/16/23,8/16/23,London,Frankfurt,2,1308.3,356.62,261.88,Air
8/17/23,8/17/23,Frankfurt,London,1,654.15,178.31,262.3,Air
11/24/22,11/24/22,Frankfurt,London,1,654.15,160.84,358.1,Air
10/30/23,2023-01-11 00:00:00,London,Frankfurt,2,1308.3,356.62,384.38,Air
3/13/23,3/15/23,London,Frankfurt,2,1308.3,356.62,339.98,Air
9/26/22,9/28/22,London,Frankfurt,2,1308.3,321.67,565.87,Air
2023-09-02 00:00:00,2023-09-02 00:00:00,Frankfurt,London,1,654.15,178.31,103.3,Air
2023-06-11 00:00:00,2023-07-11 00:00:00,London,Frankfurt,2,1308.3,356.62,299.38,Air
2023-11-09 00:00:00,9/13/23,London,Frankfurt,2,1308.3,356.62,297.68,Air
2023-09-10 00:00:00,2023-11-10 00:00:00,London,Frankfurt,2,1308.3,356.62,320.18,Air
2022-10-10 00:00:00,2022-12-10 00:00:00,London,Frankfurt,2,1308.3,321.67,567.77,Air
2022-07-11 00:00:00,2022-09-11 00:00:00,London,Frankfurt,2,1308.3,321.67,449.37,Air
4/17/23,4/19/23,London,Frankfurt,2,1308.3,356.62,298.78,Air
8/16/22,8/18/22,London,Frankfurt,2,1308.3,321.67,648.37,Air
7/25/22,7/25/22,London,Frankfurt,1,654.15,160.84,600.07,Air
11/27/23,11/29/23,London,Frankfurt,2,1308.3,356.62,412.68,Air
2023-02-02 00:00:00,2023-02-02 00:00:00,Paris,London,1,348.74,95.06,151.1,Air
2023-03-10 00:00:00,2023-04-10 00:00:00,London,Frankfurt,2,1275.03,347.55,628.72,Air
7/27/22,7/27/22,Frankfurt,London,1,654.15,160.84,310.2,Air
2/27/23,2023-02-03 00:00:00,London,Frankfurt,2,1308.3,356.62,489.38,Air
3/20/23,3/23/23,London,Frankfurt,2,1308.3,356.62,338.78,Air
2/20/23,2/22/23,London,Frankfurt,2,1308.3,356.62,320.18,Air
7/31/23,2023-01-08 00:00:00,London,Frankfurt,2,1308.3,356.62,333.78,Air
2023-07-08 00:00:00,2023-09-08 00:00:00,London,Frankfurt,2,1308.3,356.62,262.08,Air
7/24/23,7/26/23,London,Frankfurt,2,1308.3,356.62,368.68,Air
8/28/23,8/30/23,London,Frankfurt,2,1308.3,356.62,159.08,Air
3/17/23,3/17/23,Paris,London,1,348.74,95.06,343.3,Air
9/18/23,9/20/23,London,Frankfurt,2,1308.3,356.62,194.68,Air
2023-12-06 00:00:00,6/13/23,London,Frankfurt,2,1308.3,356.62,411.88,Air
2023-11-01 00:00:00,2023-12-01 00:00:00,London,Frankfurt,2,1308.3,356.62,196.61,Air
2023-03-07 00:00:00,2023-05-07 00:00:00,London,Frankfurt,2,1308.3,356.62,651.68,Air
5/15/23,5/17/23,London,Frankfurt,2,1308.3,356.62,498.38,Air
2023-06-06 00:00:00,2023-06-06 00:00:00,Manchester,Frankfurt,1,832.78,152.29,327.97,Air
10/29/23,10/29/23,Manchester,Frankfurt,1,832.78,152.29,339.97,Air
6/26/23,6/29/23,Manchester,Frankfurt,2,1665.56,304.58,416.07,Air
7/31/23,2023-09-08 00:00:00,Manchester,Frankfurt,2,1665.56,304.58,442.17,Air
7/24/23,7/26/23,Manchester,Frankfurt,2,1665.56,304.58,672.17,Air
2023-10-07 00:00:00,7/13/23,Manchester,Frankfurt,2,1665.56,304.58,517.87,Air
2023-03-07 00:00:00,2023-05-07 00:00:00,Manchester,Frankfurt,2,1665.56,304.58,496.87,Air
8/28/23,8/31/23,Manchester,Frankfurt,2,1665.56,304.58,497.37,Air
9/23/23,9/23/23,Manchester,Frankfurt,1,832.78,152.29,356.77,Air
2023-02-10 00:00:00,2023-08-10 00:00:00,Manchester,Frankfurt,2,1665.56,304.58,591.97,Air
4/19/23,4/19/23,Manchester,Frankfurt,1,832.78,152.29,300.58,Air
3/13/23,3/13/23,Manchester,Frankfurt,1,832.78,152.29,297.58,Air
2023-04-09 00:00:00,9/13/23,Manchester,Frankfurt,2,1665.56,304.58,318.47,Air
2023-11-09 00:00:00,2023-11-09 00:00:00,Manchester,Frankfurt,1,832.78,152.29,199.07,Air
5/15/23,5/19/23,Manchester,Frankfurt,2,1665.56,304.58,336.47,Air
5/21/23,5/21/23,Manchester,Frankfurt,1,832.78,152.29,276.27,Air
2023-11-05 00:00:00,2023-12-05 00:00:00,Manchester,Frankfurt,2,1665.56,304.58,407.47,Air
2023-06-11 00:00:00,2023-08-11 00:00:00,Manchester,Frankfurt,2,1665.56,304.58,510.38,Air
6/19/23,6/21/23,Manchester,Frankfurt,2,1665.56,304.58,531.47,Air
2023-12-12 00:00:00,2023-12-12 00:00:00,Manchester,Frankfurt,1,832.78,152.29,256.08,Air
11/22/23,11/23/23,London,Frankfurt,2,1308.3,356.62,257.78,Air
2023-04-12 00:00:00,2023-08-12 00:00:00,Manchester,Frankfurt,2,1665.56,304.58,330.88,Air
10/24/23,10/27/23,Manchester,Frankfurt,2,1665.56,304.58,425.47,Air
11/29/23,11/29/23,London,Frankfurt,2,1308.3,356.62,514.28,Air
2023-06-03 00:00:00,2023-06-03 00:00:00,Manchester,Frankfurt,1,832.78,152.29,202.98,Air
3/20/23,3/20/23,Manchester,Frankfurt,1,832.78,152.29,266.58,Air
2/20/23,2/20/23,Manchester,Frankfurt,1,832.78,152.29,266.68,Air
2/27/23,2/27/23,Manchester,Frankfurt,1,832.78,152.29,203.08,Air
11/15/23,11/15/23,London,Frankfurt,2,1308.3,356.62,257.78,Air
3/26/23,3/28/23,Manchester,Frankfurt,2,1665.56,304.58,576.68,Air
2023-11-04 00:00:00,2023-11-04 00:00:00,Manchester,Frankfurt,1,832.78,152.29,268.47,Air
2023-12-06 00:00:00,6/15/23,Manchester,Frankfurt,2,1665.56,304.58,485.07,Air
8/25/21,8/26/21,Manchester,London,2,488.53,120.12,274.09,Air
5/23/23,5/26/23,London,Frankfurt,2,1308.3,356.62,408.48,Air
8/28/23,8/31/23,London,Frankfurt,2,1308.3,356.62,466.98,Air
2023-11-09 00:00:00,9/14/23,London,Frankfurt,2,1308.3,356.62,561.58,Air
9/22/23,9/22/23,Frankfurt,London,1,654.15,178.31,437.98,Air
8/15/23,8/17/23,London,Frankfurt,2,1308.3,356.62,292.48,Air
3/23/23,3/23/23,Frankfurt,London,1,654.15,178.31,167.1,Air
12/18/23,12/20/23,London,Frankfurt,2,1308.3,356.62,431.48,Air
2023-10-07 00:00:00,7/14/23,London,Frankfurt,2,1308.3,356.62,481.48,Air
2023-05-09 00:00:00,2023-08-09 00:00:00,London,Frankfurt,2,1308.3,356.62,328.28,Air
6/19/23,6/23/23,London,Frankfurt,2,1308.3,356.62,451.78,Air
8/21/23,8/25/23,London,Frankfurt,2,1308.3,356.62,288.28,Air
2023-09-10 00:00:00,10/13/23,London,Frankfurt,2,1308.3,356.62,329.08,Air
2023-08-08 00:00:00,2023-10-08 00:00:00,London,Frankfurt,2,1308.3,356.62,197.78,Air
2023-05-06 00:00:00,2023-09-06 00:00:00,London,Frankfurt,2,1308.3,356.62,293.48,Air
10/16/23,10/20/23,London,Frankfurt,2,1308.3,356.62,528.38,Air
5/29/23,5/31/23,London,Frankfurt,2,1308.3,356.62,343.78,Air
7/25/23,7/27/23,London,Frankfurt,2,1308.3,356.62,343.48,Air
7/20/23,7/20/23,Frankfurt,London,1,654.15,178.31,696.18,Air
3/20/23,3/20/23,London,Frankfurt,1,654.15,178.31,214.58,Air
6/26/23,6/30/23,London,Frankfurt,2,1308.3,356.62,451.98,Air
9/25/23,9/28/23,London,Frankfurt,2,1308.3,356.62,423.38,Air
2023-03-04 00:00:00,2023-05-04 00:00:00,London,Frankfurt,2,1308.3,356.62,619.78,Air
2023-03-11 00:00:00,2023-03-11 00:00:00,Frankfurt,London,1,654.15,178.31,704.28,Air
8/29/23,8/31/23,London,Frankfurt,2,1241.76,338.48,323.82,Air
11/21/23,11/21/23,London,Frankfurt,1,620.88,169.24,361.12,Air
7/17/23,7/17/23,London,Frankfurt,1,620.88,169.24,269.12,Air
3/24/22,3/24/22,Frankfurt,London,1,620.88,152.66,217.0,Air
2022-06-04 00:00:00,2022-06-04 00:00:00,Frankfurt,London,1,654.15,160.84,413.5,Air
10/13/23,10/13/23,Frankfurt,London,1,620.88,169.24,263.4,Air
2023-10-03 00:00:00,2023-10-03 00:00:00,Frankfurt,London,1,620.88,169.24,208.0,Air
2023-09-05 00:00:00,2023-09-05 00:00:00,London,Frankfurt,1,620.88,169.24,565.12,Air
1/24/23,1/27/23,London,Frankfurt,2,1241.76,338.48,316.46,Air
5/15/23,5/15/23,London,Frankfurt,1,654.15,178.31,214.28,Air
1/30/23,1/30/23,London,Frankfurt,1,620.88,169.24,170.46,Air
5/20/22,5/20/22,Frankfurt,London,1,620.88,152.66,314.8,Air
3/23/22,3/24/22,Frankfurt,London,2,1308.3,321.67,265.57,Air
2023-11-07 00:00:00,2023-11-07 00:00:00,London,Frankfurt,1,620.88,169.24,176.12,Air
2023-11-01 00:00:00,2023-11-01 00:00:00,London,Frankfurt,1,654.15,178.31,215.71,Air
4/20/23,4/20/23,Frankfurt,London,1,620.88,169.24,682.4,Air
2024-02-01 00:00:00,2024-02-01 00:00:00,London,Frankfurt,1,620.88,169.24,259.12,Air
10/25/21,10/27/21,London,Frankfurt,2,1308.3,321.67,363.72,Air
8/23/21,8/25/21,London,Frankfurt,2,1308.3,321.67,285.22,Air
10/29/23,10/29/23,London,Frankfurt,1,654.15,178.31,459.98,Air
10/16/23,10/20/23,London,Frankfurt,2,1241.76,338.48,488.42,Air
2023-11-12 00:00:00,2023-11-12 00:00:00,London,Frankfurt,1,620.88,169.24,289.12,Air
2023-06-04 00:00:00,2023-06-04 00:00:00,Frankfurt,London,1,620.88,169.24,267.3,Air
2020-11-02 00:00:00,2020-11-02 00:00:00,London,Frankfurt,1,654.15,159.81,141.81,Air
7/14/22,7/14/22,Frankfurt,London,1,620.88,152.66,140.4,Air
3/20/23,3/23/23,London,Frankfurt,2,1241.76,338.48,678.66,Air
3/20/23,3/20/23,London,Frankfurt,1,620.88,169.24,555.46,Air
11/16/23,11/16/23,Frankfurt,London,1,620.88,169.24,343.9,Air
3/28/23,3/31/23,London,Frankfurt,2,1241.76,338.48,353.22,Air
2023-09-11 00:00:00,2023-09-11 00:00:00,Frankfurt,London,1,620.88,169.24,670.6,Air
5/30/22,2022-01-06 00:00:00,London,Frankfurt,2,1241.76,305.31,648.36,Air
3/31/23,3/31/23,Frankfurt,London,1,620.88,169.24,386.3,Air
5/22/23,5/22/23,London,Frankfurt,1,620.88,169.24,269.12,Air
5/22/23,5/22/23,London,Frankfurt,1,620.88,169.24,688.72,Air
7/25/22,7/29/22,London,Frankfurt,2,1241.76,305.31,362.16,Air
2023-06-01 00:00:00,2023-06-01 00:00:00,Frankfurt,London,1,620.88,169.24,171.7,Air
1/13/23,1/13/23,Frankfurt,London,1,620.88,169.24,170.4,Air
9/26/22,9/26/22,London,Frankfurt,1,620.88,152.66,252.46,Air
2023-10-02 00:00:00,2023-10-02 00:00:00,Frankfurt,London,1,620.88,169.24,204.1,Air
11/17/22,11/18/22,London,Frankfurt,2,1308.3,321.67,640.87,Air
3/31/23,3/31/23,Frankfurt,London,1,654.15,178.31,474.6,Air
11/23/22,11/23/22,London,Frankfurt,1,654.15,160.84,266.57,Air
2022-03-05 00:00:00,2022-03-05 00:00:00,London,Frankfurt,1,620.88,152.66,197.46,Air
10/20/23,10/20/23,Frankfurt,London,1,654.15,178.31,490.6,Air
2020-12-02 00:00:00,2020-12-02 00:00:00,Frankfurt,London,1,654.15,159.81,183.1,Air
2023-04-09 00:00:00,2023-07-09 00:00:00,London,Frankfurt,2,1241.76,338.48,436.12,Air
10/22/23,10/22/23,London,Frankfurt,1,620.88,169.24,238.12,Air
2021-08-09 00:00:00,2021-08-09 00:00:00,Frankfurt,London,1,654.15,160.84,361.6,Air
2022-06-06 00:00:00,2022-10-06 00:00:00,London,Frankfurt,2,1241.76,305.31,334.66,Air
4/17/23,4/20/23,London,Frankfurt,2,1241.76,338.48,353.22,Air
2022-01-08 00:00:00,2022-02-08 00:00:00,London,Frankfurt,2,1241.76,305.31,674.66,Air
2023-03-04 00:00:00,2023-03-04 00:00:00,London,Frankfurt,1,620.88,169.24,269.12,Air
12/13/22,12/15/22,London,Frankfurt,2,1241.76,305.31,342.16,Air
2022-06-12 00:00:00,2022-08-12 00:00:00,London,Frankfurt,2,1241.76,305.31,398.16,Air
5/19/23,5/19/23,Frankfurt,London,1,620.88,169.24,171.8,Air
9/23/21,9/23/21,Frankfurt,London,1,620.88,152.66,255.2,Air
2021-05-09 00:00:00,2021-05-09 00:00:00,London,Frankfurt,1,620.88,152.66,159.73,Air
2022-08-02 00:00:00,2022-10-02 00:00:00,London,Frankfurt,2,1308.3,321.67,268.97,Air
5/25/23,5/25/23,Frankfurt,London,1,654.15,178.31,491.7,Air
2022-01-12 00:00:00,2022-02-12 00:00:00,London,Frankfurt,2,1241.76,305.31,370.16,Air
11/23/22,11/23/22,Frankfurt,London,1,654.15,160.84,145.5,Air
4/21/22,4/21/22,Frankfurt,London,1,620.88,152.66,173.0,Air
2022-05-05 00:00:00,2022-05-05 00:00:00,Frankfurt,London,1,620.88,152.66,139.1,Air
11/24/22,11/24/22,Frankfurt,London,1,620.88,152.66,434.46,Air
9/28/22,9/28/22,Frankfurt,London,1,654.15,160.84,492.5,Air
2023-06-11 00:00:00,2023-06-11 00:00:00,London,Frankfurt,1,620.88,169.24,320.12,Air
4/19/22,4/21/22,London,Frankfurt,2,1308.3,321.67,277.27,Air
4/19/22,4/19/22,London,Frankfurt,1,620.88,152.66,167.46,Air
8/30/22,8/31/22,London,Frankfurt,2,1241.76,305.31,979.16,Air
2022-04-09 00:00:00,2022-08-09 00:00:00,London,Frankfurt,2,1241.76,305.31,356.66,Air
2020-10-03 00:00:00,2020-10-03 00:00:00,Manchester,Paris,1,591.02,144.39,102.98,Air
3/13/23,3/13/23,London,Frankfurt,1,620.88,169.24,203.46,Air
2023-11-09 00:00:00,9/14/23,London,Frankfurt,2,1241.76,338.48,408.02,Air
7/27/23,7/27/23,Frankfurt,London,1,620.88,169.24,262.1,Air
2023-07-03 00:00:00,2023-07-03 00:00:00,London,Frankfurt,1,654.15,178.31,215.68,Air
2023-07-09 00:00:00,2023-07-09 00:00:00,Frankfurt,London,1,620.88,169.24,333.0,Air
3/21/22,3/21/22,London,Frankfurt,1,654.15,160.84,141.27,Air
1/20/20,1/20/20,Manchester,Paris,1,591.02,144.39,79.98,Air
2023-02-11 00:00:00,2023-02-11 00:00:00,Frankfurt,London,1,654.15,178.31,291.5,Air
6/27/22,6/27/22,London,Paris,1,348.74,85.75,467.07,Air
2023-03-07 00:00:00,2023-03-07 00:00:00,London,Frankfurt,1,620.88,169.24,238.12,Air
2023-10-07 00:00:00,2023-10-07 00:00:00,London,Frankfurt,1,620.88,169.24,269.12,Air
2022-07-03 00:00:00,2022-09-03 00:00:00,London,Frankfurt,2,1308.3,321.67,426.57,Air
2022-12-09 00:00:00,2022-12-09 00:00:00,London,Frankfurt,1,620.88,152.66,252.46,Air
4/25/23,4/28/23,London,Frankfurt,2,1241.76,338.48,626.42,Air
2020-12-03 00:00:00,2020-12-03 00:00:00,Paris,London,1,309.1,75.51,79.7,Air
2023-05-07 00:00:00,2023-05-07 00:00:00,Frankfurt,London,1,654.15,178.31,228.1,Air
9/22/23,9/22/23,London,Frankfurt,1,620.88,169.24,320.12,Air
7/20/23,7/20/23,Frankfurt,Paris,1,448.83,122.34,283.0,Air
2023-09-06 00:00:00,2023-09-06 00:00:00,Frankfurt,London,1,620.88,169.24,202.5,Air
2023-09-10 00:00:00,2023-09-10 00:00:00,London,Frankfurt,1,620.88,169.24,282.12,Air
2023-06-06 00:00:00,2023-06-06 00:00:00,London,Frankfurt,1,654.15,178.31,214.18,Air
2023-07-12 00:00:00,2023-07-12 00:00:00,Frankfurt,London,1,620.88,169.24,266.1,Air
2022-10-05 00:00:00,5/13/22,London,Frankfurt,2,1241.76,305.31,361.36,Air
5/16/22,5/16/22,London,Frankfurt,1,620.88,152.66,167.46,Air
6/14/22,6/15/22,London,Frankfurt,2,1241.76,305.31,648.76,Air
2022-11-07 00:00:00,2022-11-07 00:00:00,London,Frankfurt,1,620.88,152.66,136.46,Air
7/24/23,7/24/23,London,Frankfurt,1,620.88,169.24,238.12,Air
12/14/23,12/14/23,Frankfurt,London,1,620.88,169.24,297.0,Air
11/29/23,11/29/23,Frankfurt,London,1,620.88,169.24,300.6,Air
9/29/23,9/29/23,Frankfurt,London,1,620.88,169.24,472.7,Air
11/17/21,11/17/21,Frankfurt,London,1,654.15,160.84,365.2,Air
11/13/23,11/13/23,London,Frankfurt,1,620.88,169.24,259.12,Air
6/15/23,6/15/23,Frankfurt,London,1,620.88,169.24,548.0,Air
2023-04-12 00:00:00,2023-04-12 00:00:00,London,Frankfurt,1,620.88,169.24,289.12,Air
5/26/23,5/26/23,Frankfurt,London,1,654.15,178.31,579.4,Air
2023-12-06 00:00:00,2023-12-06 00:00:00,London,Frankfurt,1,620.88,169.24,578.32,Air
2023-03-03 00:00:00,2023-03-03 00:00:00,Frankfurt,London,1,654.15,178.31,585.6,Air
2023-02-10 00:00:00,2023-02-10 00:00:00,London,Frankfurt,1,620.88,169.24,145.12,Air
2023-06-10 00:00:00,2023-06-10 00:00:00,Frankfurt,London,1,620.88,169.24,337.6,Air
9/18/23,9/21/23,London,Frankfurt,2,1241.76,338.48,352.02,Air
11/28/23,11/28/23,London,Frankfurt,1,620.88,169.24,320.12,Air
7/31/23,2023-02-08 00:00:00,London,Frankfurt,2,1241.76,338.48,380.12,Air
10/27/23,10/27/23,Frankfurt,London,1,620.88,169.24,338.8,Air
2023-02-08 00:00:00,2023-02-08 00:00:00,Frankfurt,London,1,620.88,169.24,170.1,Air
7/13/23,7/13/23,Frankfurt,London,1,654.15,178.31,373.0,Air
2023-09-06 00:00:00,2023-09-06 00:00:00,Frankfurt,London,1,620.88,169.24,231.2,Air
2021-07-10 00:00:00,2021-07-10 00:00:00,Frankfurt,London,1,654.15,160.84,257.2,Air
11/22/23,11/22/23,Frankfurt,London,1,620.88,169.24,345.1,Air
1/20/23,1/20/23,Frankfurt,London,1,620.88,169.24,171.9,Air
2020-12-02 00:00:00,2020-12-02 00:00:00,Frankfurt,London,1,616.98,150.73,90.01,Air
1/26/23,1/27/23,London,Frankfurt,2,1308.3,356.62,269.28,Air
9/13/22,9/14/22,London,Frankfurt,2,1308.3,321.67,525.07,Air
11/21/22,11/23/22,London,Frankfurt,2,1308.3,321.67,211.87,Air
8/13/23,8/15/23,London,Frankfurt,2,1308.3,356.62,252.48,Air
2020-11-02 00:00:00,2020-11-02 00:00:00,London,Frankfurt,1,654.15,159.81,141.81,Air
1/16/23,1/19/23,London,Frankfurt,2,1308.3,356.62,293.48,Air
2023-06-02 00:00:00,2023-09-02 00:00:00,London,Frankfurt,2,1308.3,356.62,293.18,Air
1/23/23,1/27/23,London,Frankfurt,2,1308.3,356.62,293.68,Air
1/30/23,2023-03-02 00:00:00,London,Frankfurt,2,1308.3,356.62,293.28,Air
2/13/23,2/16/23,Manchester,Frankfurt,2,1665.56,304.58,556.78,Air
2023-04-09 00:00:00,2023-06-09 00:00:00,Glasgow,Frankfurt,2,2166.39,396.17,480.67,Air
2023-12-12 00:00:00,12/15/23,Glasgow,Frankfurt,2,2166.39,396.17,322.47,Air
2023-03-10 00:00:00,2023-05-10 00:00:00,Glasgow,Frankfurt,2,2166.39,396.17,441.77,Air
10/24/23,10/24/23,Glasgow,Frankfurt,1,1083.2,198.08,202.37,Air
2023-08-08 00:00:00,2023-10-08 00:00:00,Glasgow,Frankfurt,2,2166.39,396.17,496.87,Air
8/21/23,8/24/23,Glasgow,Frankfurt,2,2166.39,396.17,436.57,Air
8/28/23,8/31/23,Glasgow,Frankfurt,2,2166.39,396.17,422.17,Air
2023-10-10 00:00:00,2023-12-10 00:00:00,Glasgow,Frankfurt,2,2166.39,396.17,441.77,Air
11/21/23,11/24/23,Glasgow,Frankfurt,2,2166.39,396.17,336.77,Air
2023-07-11 00:00:00,2023-10-11 00:00:00,Glasgow,Frankfurt,2,2166.39,396.17,357.17,Air
10/30/23,2023-01-11 00:00:00,Glasgow,Frankfurt,2,2166.39,396.17,442.67,Air
9/26/23,9/26/23,Glasgow,Frankfurt,1,1083.2,198.08,202.37,Air
9/19/23,9/19/23,Glasgow,Frankfurt,1,1083.2,198.08,223.77,Air
2023-02-08 00:00:00,2023-03-08 00:00:00,Glasgow,Frankfurt,2,2166.39,396.17,411.37,Air
7/24/23,7/26/23,Glasgow,Frankfurt,2,2166.39,396.17,411.37,Air
2023-04-12 00:00:00,2023-08-12 00:00:00,Glasgow,Frankfurt,2,2166.39,396.17,422.47,Air
10/31/22,2022-03-11 00:00:00,Glasgow,London,2,1077.94,265.03,305.46,Air
11/14/23,11/17/23,Manchester,Paris,2,1182.04,322.2,219.88,Air
2023-11-01 00:00:00,2023-11-01 00:00:00,London,Frankfurt,1,620.88,169.24,139.46,Air
2023-02-04 00:00:00,2023-06-04 00:00:00,Manchester,Paris,2,1182.04,322.2,597.41,Air
2/13/23,2/13/23,Manchester,Frankfurt,1,832.78,152.29,352.98,Air
2022-01-09 00:00:00,2022-01-09 00:00:00,Frankfurt,London,1,654.15,160.84,594.11,Air
2/21/22,2/24/22,Manchester,Frankfurt,2,1665.56,251.53,696.38,Air
11/27/23,11/27/23,Manchester,Frankfurt,1,832.78,152.29,255.68,Air
9/18/22,2022-01-10 00:00:00,London,Paris,2,697.48,171.49,133.27,Air
6/20/22,6/23/22,Manchester,Frankfurt,2,1665.56,251.53,661.8,Air
2022-02-08 00:00:00,2022-05-08 00:00:00,Manchester,Frankfurt,2,1665.56,251.53,669.4,Air
2022-03-05 00:00:00,2022-05-05 00:00:00,Manchester,Frankfurt,2,1665.56,251.53,432.77,Air
2023-04-07 00:00:00,2023-07-07 00:00:00,Manchester,Frankfurt,2,1665.56,304.58,334.57,Air
2023-12-06 00:00:00,6/16/23,Manchester,Frankfurt,2,1665.56,304.58,491.77,Air
5/23/23,5/26/23,Manchester,Frankfurt,2,1665.56,304.58,405.77,Air
5/29/23,2023-01-06 00:00:00,Manchester,Frankfurt,2,1665.56,304.58,485.07,Air
8/23/22,8/26/22,Manchester,Frankfurt,2,1665.56,377.28,666.8,Air
2022-08-08 00:00:00,2022-11-08 00:00:00,Manchester,Frankfurt,2,1665.56,314.41,688.9,Air
8/16/22,8/19/22,Manchester,Frankfurt,2,1665.56,314.41,695.9,Air
7/25/22,7/28/22,Manchester,Frankfurt,2,1665.56,251.53,709.1,Air
2023-03-04 00:00:00,2023-07-04 00:00:00,Manchester,Frankfurt,2,1665.56,304.58,400.81,Air
4/17/23,4/21/23,Manchester,Frankfurt,2,1665.56,304.58,330.11,Air
4/24/23,4/28/23,Manchester,Frankfurt,2,1665.56,304.58,330.11,Air
2/27/23,2023-03-03 00:00:00,Manchester,Frankfurt,2,1665.56,304.58,383.28,Air
2/20/23,2/24/23,Manchester,Frankfurt,2,1665.56,304.58,382.68,Air
3/20/23,3/24/23,Manchester,Frankfurt,2,1665.56,304.58,290.28,Air
2023-06-03 00:00:00,2023-10-03 00:00:00,Manchester,Frankfurt,2,1665.56,304.58,275.78,Air
1/30/23,2023-01-02 00:00:00,Manchester,Frankfurt,2,1665.56,304.58,396.58,Air
2023-07-02 00:00:00,2023-10-02 00:00:00,Manchester,Frankfurt,2,1665.56,304.58,290.28,Air
1/24/23,1/26/23,Manchester,Frankfurt,2,1665.56,304.58,476.98,Air
2023-05-09 00:00:00,2023-08-09 00:00:00,Manchester,Frankfurt,2,1665.56,304.58,300.97,Air
8/28/23,8/31/23,Manchester,Frankfurt,2,1665.56,304.58,444.97,Air
2024-02-01 00:00:00,2024-11-01 00:00:00,Manchester,Frankfurt,2,1665.56,304.58,461.48,Air
6/27/22,6/30/22,Manchester,Frankfurt,2,1665.56,251.53,412.5,Air
6/13/22,6/16/22,Manchester,Frankfurt,2,1665.56,251.53,557.1,Air
5/17/22,5/19/22,Manchester,Frankfurt,2,1665.56,251.53,434.17,Air
2022-09-05 00:00:00,2022-12-05 00:00:00,Manchester,Frankfurt,2,1665.56,251.53,883.27,Air
9/20/22,9/23/22,Manchester,Frankfurt,2,1665.56,377.28,617.1,Air
8/14/23,8/18/23,Manchester,Frankfurt,2,1665.56,304.58,411.47,Air
8/21/23,8/25/23,Manchester,Frankfurt,2,1665.56,304.58,390.67,Air
2023-04-12 00:00:00,2023-07-12 00:00:00,Manchester,Frankfurt,2,1665.56,304.58,260.88,Air
11/27/23,11/30/23,Manchester,Frankfurt,2,1665.56,304.58,295.88,Air
2023-12-12 00:00:00,12/19/23,Manchester,Frankfurt,2,1665.56,304.58,260.88,Air
2023-10-07 00:00:00,7/14/23,Manchester,Frankfurt,2,1665.56,304.58,615.67,Air
7/17/23,7/21/23,Manchester,Frankfurt,2,1665.56,304.58,467.17,Air
2023-01-08 00:00:00,2023-04-08 00:00:00,Manchester,Frankfurt,2,1665.56,304.58,431.47,Air
2023-07-08 00:00:00,2023-10-08 00:00:00,Manchester,Frankfurt,2,1665.56,304.58,431.47,Air
2023-12-09 00:00:00,9/20/23,Manchester,Frankfurt,2,1665.56,304.58,444.97,Air
5/15/23,5/18/23,Manchester,Frankfurt,2,1665.56,304.58,341.87,Air
10/16/23,10/26/23,Manchester,Frankfurt,2,1665.56,304.58,355.47,Air
11/13/23,11/23/23,Manchester,Frankfurt,2,1665.56,304.58,259.88,Air
11/21/22,11/25/22,Manchester,Frankfurt,2,1665.56,251.53,287.58,Air
2022-08-11 00:00:00,2022-11-11 00:00:00,Manchester,Frankfurt,2,1665.56,251.53,427.38,Air
2022-01-11 00:00:00,2022-04-11 00:00:00,Manchester,Frankfurt,2,1665.56,251.53,472.98,Air
2022-07-06 00:00:00,2022-09-06 00:00:00,Manchester,Frankfurt,2,1665.56,251.53,434.0,Air
5/23/22,5/25/22,Manchester,Frankfurt,2,1665.56,251.53,643.27,Air
2023-02-05 00:00:00,2023-05-05 00:00:00,Manchester,Frankfurt,2,1665.56,304.58,316.27,Air
2022-05-09 00:00:00,2022-09-09 00:00:00,Manchester,Frankfurt,2,1665.56,251.53,438.9,Air
2023-11-04 00:00:00,4/14/23,Manchester,Frankfurt,2,1665.56,304.58,451.31,Air
2022-04-07 00:00:00,2022-07-07 00:00:00,Manchester,Frankfurt,2,1665.56,251.53,400.9,Air
11/28/22,2022-02-12 00:00:00,Manchester,Frankfurt,2,1665.56,251.53,317.78,Air
2022-05-12 00:00:00,2022-08-12 00:00:00,Manchester,Frankfurt,2,1665.56,251.53,412.98,Air
2022-10-10 00:00:00,10/13/22,Manchester,Frankfurt,2,1665.56,251.53,394.8,Air
10/18/22,10/21/22,Manchester,Frankfurt,2,1665.56,251.53,285.0,Air
9/26/22,9/29/22,Manchester,Frankfurt,2,1665.56,251.53,794.8,Air
2023-10-10 00:00:00,10/13/23,Manchester,Frankfurt,2,1665.56,304.58,378.57,Air
2022-08-11 00:00:00,2022-09-11 00:00:00,Manchester,Paris,2,900.12,221.31,219.36,Air
6/23/22,6/23/22,Glasgow,London,1,517.26,127.18,250.99,Air
2022-09-11 00:00:00,2022-09-11 00:00:00,Paris,London,1,382.12,93.95,129.8,Air
2023-09-05 00:00:00,2023-12-05 00:00:00,London,Frankfurt,2,1308.3,356.62,368.28,Air
2/27/23,2023-03-03 00:00:00,London,Frankfurt,2,1308.3,356.62,232.98,Air
3/13/23,3/16/23,London,Frankfurt,2,1308.3,356.62,199.48,Air
3/28/23,3/31/23,London,Frankfurt,2,1308.3,356.62,376.28,Air
2023-06-02 00:00:00,2023-10-02 00:00:00,London,Frankfurt,2,1308.3,356.62,293.68,Air
1/23/23,1/27/23,London,Frankfurt,2,1308.3,356.62,268.98,Air
2023-06-03 00:00:00,2023-10-03 00:00:00,London,Frankfurt,2,1308.3,356.62,255.18,Air
1/30/23,2023-03-02 00:00:00,London,Frankfurt,2,1308.3,356.62,287.88,Air
2/20/23,2/24/23,London,Frankfurt,2,1308.3,356.62,293.68,Air
4/24/23,4/28/23,London,Frankfurt,2,1308.3,356.62,345.08,Air
5/17/23,5/17/23,Frankfurt,London,2,654.54,178.42,524.3,Air
2023-05-06 00:00:00,2023-09-06 00:00:00,London,Frankfurt,2,1308.3,356.62,268.78,Air
5/22/23,5/26/23,London,Frankfurt,2,1308.3,356.62,369.38,Air
3/20/23,3/24/23,London,Frankfurt,2,1308.3,356.62,291.68,Air
5/30/23,2023-02-06 00:00:00,London,Frankfurt,2,1308.3,356.62,314.08,Air
2023-03-04 00:00:00,2023-06-04 00:00:00,London,Frankfurt,2,1308.3,356.62,576.08,Air
4/17/23,4/21/23,London,Frankfurt,2,1308.3,356.62,298.88,Air
2022-12-05 00:00:00,2022-12-05 00:00:00,London,Paris,1,348.74,85.75,60.07,Air
2022-07-04 00:00:00,2022-07-04 00:00:00,London,Paris,1,348.74,85.75,128.07,Air
2023-04-12 00:00:00,12/14/23,Manchester,Frankfurt,2,1665.56,304.58,330.88,Air
10/23/23,2023-02-11 00:00:00,Manchester,Frankfurt,2,1665.56,304.58,430.67,Air
9/25/23,2023-05-10 00:00:00,Manchester,Frankfurt,2,1665.56,304.58,635.17,Air
11/20/23,11/30/23,Manchester,Frankfurt,2,1665.56,304.58,330.18,Air
2023-06-11 00:00:00,11/16/23,Manchester,Frankfurt,2,1665.56,304.58,330.18,Air
2023-04-09 00:00:00,2023-08-09 00:00:00,Manchester,Frankfurt,2,1665.56,304.58,445.47,Air
2023-11-09 00:00:00,9/21/23,Manchester,Frankfurt,2,1665.56,304.58,665.57,Air
2023-09-10 00:00:00,10/19/23,Manchester,Frankfurt,2,1665.56,304.58,460.37,Air
8/22/20,8/22/20,London,Paris,1,348.74,85.2,198.87,Air
5/29/23,2023-01-06 00:00:00,Manchester,Frankfurt,2,1665.56,304.58,575.27,Air
3/13/23,3/15/23,Manchester,Frankfurt,2,1665.56,304.58,476.68,Air
1/23/23,1/27/23,Glasgow,Frankfurt,2,2166.39,396.17,374.77,Air
4/24/23,4/28/23,Glasgow,Frankfurt,2,2166.39,396.17,413.37,Air
2023-12-06 00:00:00,6/15/23,Glasgow,Frankfurt,2,2166.39,396.17,407.17,Air
2023-06-03 00:00:00,2023-10-03 00:00:00,Glasgow,Frankfurt,2,2166.39,396.17,374.27,Air
2022-06-09 00:00:00,2022-06-09 00:00:00,Glasgow,Frankfurt,1,1083.2,163.58,216.79,Air
12/13/23,12/15/23,Glasgow,London,2,1109.97,302.56,349.03,Air
2023-09-10 00:00:00,2023-11-10 00:00:00,Glasgow,London,2,1109.97,302.56,227.03,Air
10/26/22,10/28/22,Glasgow,London,2,1109.97,272.91,292.89,Air
9/19/22,9/23/22,London,Frankfurt,2,1241.76,305.31,312.26,Air
9/18/23,9/22/23,London,Frankfurt,2,1241.76,338.48,269.12,Air
6/26/23,6/30/23,London,Frankfurt,2,1241.76,338.48,352.02,Air
11/30/22,11/30/22,Frankfurt,London,1,620.88,152.66,573.0,Air
2022-02-12 00:00:00,2022-02-12 00:00:00,Frankfurt,London,1,620.88,152.66,463.0,Air
2/20/23,2/20/23,London,Frankfurt,1,620.88,169.24,124.46,Air
2023-09-05 00:00:00,2023-12-05 00:00:00,London,Frankfurt,2,1241.76,338.48,269.52,Air
2023-03-04 00:00:00,2023-03-04 00:00:00,London,Frankfurt,1,620.88,169.24,126.12,Air
3/20/23,3/20/23,London,Frankfurt,1,620.88,169.24,153.46,Air
3/20/23,3/20/23,London,Frankfurt,1,620.88,169.24,555.46,Air
2022-09-05 00:00:00,5/13/22,London,Frankfurt,2,1241.76,305.31,251.56,Air
7/17/22,7/21/22,London,Frankfurt,2,1241.76,305.31,335.16,Air
1/23/23,1/26/23,London,Frankfurt,2,1241.76,338.48,289.16,Air
2023-12-06 00:00:00,6/16/23,London,Frankfurt,2,1241.76,338.48,352.22,Air
2022-05-12 00:00:00,2022-08-12 00:00:00,London,Frankfurt,2,1241.76,305.31,256.86,Air
2023-11-09 00:00:00,9/15/23,London,Frankfurt,2,1241.76,338.48,296.12,Air
9/20/22,9/20/22,London,Frankfurt,1,620.88,152.66,185.46,Air
2022-07-11 00:00:00,2022-11-11 00:00:00,London,Frankfurt,2,1241.76,305.31,209.96,Air
2023-06-02 00:00:00,2023-09-02 00:00:00,London,Frankfurt,2,1241.76,338.48,370.66,Air
3/24/23,3/24/23,Frankfurt,London,1,620.88,169.24,215.0,Air
2023-06-04 00:00:00,2023-06-04 00:00:00,Frankfurt,London,1,620.88,169.24,322.3,Air
6/13/22,6/16/22,London,Frankfurt,2,1241.76,305.31,648.76,Air
6/26/23,6/26/23,London,Frankfurt,1,620.88,169.24,238.12,Air
5/22/23,5/26/23,London,Frankfurt,2,1241.76,338.48,380.82,Air
5/22/23,5/22/23,London,Frankfurt,1,620.88,169.24,558.72,Air
7/17/23,7/21/23,London,Frankfurt,2,1241.76,338.48,351.82,Air
5/17/22,5/19/22,London,Frankfurt,2,1241.76,305.31,334.76,Air
2023-01-10 00:00:00,2023-05-10 00:00:00,London,Frankfurt,2,1308.3,356.62,304.18,Air
11/15/22,11/18/22,London,Paris,2,650.02,159.82,54.54,Air
2023-09-01 00:00:00,1/13/23,London,Frankfurt,2,1241.76,338.48,284.56,Air
2022-01-12 00:00:00,2022-01-12 00:00:00,London,Frankfurt,1,620.88,152.66,185.46,Air
3/28/23,3/28/23,London,Frankfurt,1,620.88,169.24,157.12,Air
2/24/23,2/24/23,Frankfurt,London,1,620.88,169.24,263.6,Air
2023-10-03 00:00:00,2023-10-03 00:00:00,Paris,London,1,348.74,95.06,155.8,Air
2023-07-03 00:00:00,2023-11-03 00:00:00,London,Paris,2,650.02,177.18,106.59,Air
3/27/23,3/27/23,Glasgow,London,2,1109.97,302.56,408.03,Air
1/20/20,1/24/20,Manchester,Paris,2,1182.04,288.77,231.74,Air
1/22/20,1/22/20,Manchester,Paris,1,591.02,144.39,50.54,Air
2023-09-01 00:00:00,2023-12-01 00:00:00,Manchester,Frankfurt,2,1665.56,304.58,539.68,Air
5/23/23,5/30/23,Manchester,Frankfurt,2,1665.56,304.58,460.67,Air
2022-06-12 00:00:00,2022-08-12 00:00:00,Manchester,Frankfurt,2,1665.56,251.53,395.08,Air
2023-12-06 00:00:00,6/15/23,Manchester,Frankfurt,2,1665.56,304.58,705.57,Air
6/19/23,6/21/23,Manchester,Frankfurt,2,1665.56,304.58,565.37,Air
2023-06-11 00:00:00,2023-09-11 00:00:00,Manchester,Frankfurt,2,1665.56,304.58,577.58,Air
2023-10-10 00:00:00,2023-01-11 00:00:00,Manchester,Frankfurt,2,1665.56,304.58,408.07,Air
2023-06-03 00:00:00,2023-09-03 00:00:00,Manchester,Frankfurt,2,1665.56,304.58,291.18,Air
2/13/23,2/16/23,Manchester,Frankfurt,2,1665.56,304.58,352.28,Air
9/22/23,9/29/23,Manchester,Frankfurt,2,1665.56,304.58,407.77,Air
2/20/23,2/23/23,Manchester,Frankfurt,2,1665.56,304.58,371.88,Air
11/20/23,11/24/23,Manchester,Frankfurt,2,1665.56,304.58,260.38,Air
11/21/22,11/24/22,Manchester,Frankfurt,2,1665.56,251.53,288.08,Air
2022-08-11 00:00:00,2022-10-11 00:00:00,Manchester,Frankfurt,2,1665.56,251.53,663.68,Air
11/28/22,2022-01-12 00:00:00,Manchester,Frankfurt,2,1665.56,251.53,288.08,Air
11/14/22,11/17/22,Manchester,Frankfurt,2,1665.56,251.53,598.98,Air
2023-04-12 00:00:00,2023-12-12 00:00:00,Manchester,Frankfurt,2,1665.56,304.58,319.98,Air
10/16/23,10/20/23,Manchester,Frankfurt,2,1665.56,304.58,266.47,Air
12/13/22,12/15/22,Manchester,Frankfurt,2,1665.56,251.53,395.08,Air
3/13/23,3/16/23,Manchester,Frankfurt,2,1665.56,304.58,476.88,Air
2023-09-08 00:00:00,2023-10-08 00:00:00,Manchester,Frankfurt,2,1665.56,304.58,446.27,Air
8/14/23,8/17/23,Manchester,Frankfurt,2,1665.56,304.58,446.27,Air
2024-02-01 00:00:00,2024-09-01 00:00:00,Manchester,Frankfurt,2,1665.56,304.58,426.68,Air
11/14/23,11/17/23,Manchester,Frankfurt,2,1665.56,304.58,312.38,Air
10/31/23,2023-03-11 00:00:00,Manchester,Frankfurt,2,1665.56,304.58,446.97,Air
8/21/23,8/31/23,Manchester,Frankfurt,2,1665.56,304.58,325.67,Air
3/29/23,3/31/23,Manchester,Frankfurt,2,1665.56,304.58,802.08,Air
7/31/23,2023-03-08 00:00:00,Manchester,Frankfurt,2,1665.56,304.58,446.37,Air
2023-11-04 00:00:00,4/13/23,Manchester,Frankfurt,2,1665.56,304.58,534.67,Air
2023-10-07 00:00:00,7/13/23,Manchester,Frankfurt,2,1665.56,304.58,379.97,Air
4/17/23,4/20/23,Manchester,Frankfurt,2,1665.56,304.58,409.97,Air
2023-05-06 00:00:00,2023-08-06 00:00:00,Manchester,Frankfurt,2,1665.56,304.58,579.97,Air
2023-03-04 00:00:00,2023-05-04 00:00:00,Manchester,Frankfurt,2,1665.56,304.58,400.81,Air
12/18/23,12/21/23,Manchester,Frankfurt,2,1665.56,304.58,261.18,Air
2023-06-02 00:00:00,2023-09-02 00:00:00,Manchester,Frankfurt,2,1665.56,304.58,504.38,Air
10/23/23,10/23/23,Manchester,Frankfurt,1,832.78,152.29,227.57,Air
3/20/23,3/23/23,Manchester,Frankfurt,2,1665.56,304.58,352.38,Air
2023-02-10 00:00:00,2023-05-10 00:00:00,Manchester,Frankfurt,2,1665.56,304.58,378.27,Air
7/24/23,7/27/23,Manchester,Frankfurt,2,1665.56,304.58,510.97,Air
1/17/23,1/17/23,Manchester,Frankfurt,1,832.78,152.29,181.28,Air
1/23/23,1/26/23,Manchester,Frankfurt,2,1665.56,304.58,264.28,Air
2023-03-01 00:00:00,2023-05-01 00:00:00,Manchester,Frankfurt,2,1665.56,304.58,394.98,Air
7/17/23,7/20/23,Manchester,Frankfurt,2,1665.56,304.58,565.97,Air
4/24/23,4/26/23,Manchester,Frankfurt,2,1665.56,304.58,555.78,Air
2023-11-08 00:00:00,2023-11-08 00:00:00,London,Frankfurt,1,654.15,178.31,252.78,Air
2023-09-05 00:00:00,2023-12-05 00:00:00,London,Frankfurt,2,1308.3,356.62,314.98,Air
10/25/23,10/25/23,London,Frankfurt,1,654.15,178.31,180.78,Air
5/22/23,5/26/23,London,Frankfurt,2,1308.3,356.62,408.58,Air
11/15/23,11/15/23,Frankfurt,London,1,654.15,178.31,316.2,Air
7/24/23,7/31/23,London,Frankfurt,2,1308.3,356.62,381.98,Air
2023-12-06 00:00:00,6/14/23,London,Frankfurt,2,1308.3,356.62,312.98,Air
8/22/23,8/22/23,Frankfurt,London,1,654.15,178.31,161.7,Air
2023-06-10 00:00:00,2023-06-10 00:00:00,Frankfurt,London,1,654.15,178.31,503.18,Air
10/22/23,10/22/23,Frankfurt,London,1,654.15,178.31,314.9,Air
2023-04-09 00:00:00,2023-04-09 00:00:00,London,Frankfurt,1,654.15,178.31,213.98,Air
2023-05-06 00:00:00,2023-09-06 00:00:00,London,Frankfurt,2,1308.3,356.62,268.58,Air
2023-11-12 00:00:00,2023-11-12 00:00:00,London,Frankfurt,1,654.15,178.31,205.68,Air
2023-02-05 00:00:00,2023-06-05 00:00:00,London,Frankfurt,2,1308.3,356.62,254.78,Air
2023-09-10 00:00:00,2023-09-10 00:00:00,London,Frankfurt,1,654.15,178.31,214.28,Air
2024-02-01 00:00:00,2024-10-01 00:00:00,London,Frankfurt,2,1308.3,356.62,198.79,Air
2023-07-10 00:00:00,2023-07-10 00:00:00,Frankfurt,London,1,654.15,178.31,384.2,Air
2023-04-12 00:00:00,2023-08-12 00:00:00,London,Frankfurt,2,1308.3,356.62,261.58,Air
5/15/23,5/19/23,London,Frankfurt,2,1308.3,356.62,289.88,Air
9/22/23,9/22/23,Frankfurt,London,1,654.15,178.31,161.7,Air
11/29/23,11/29/23,Frankfurt,London,1,654.15,178.31,264.0,Air
11/20/23,11/20/23,London,Frankfurt,1,654.15,178.31,154.88,Air
11/15/22,11/17/22,Manchester,Paris,2,1182.04,290.63,143.98,Air
8/25/21,8/26/21,Manchester,London,2,488.53,120.12,392.09,Air
1/20/20,1/24/20,Manchester,Paris,2,1182.04,288.77,214.54,Air
2023-09-05 00:00:00,2023-12-05 00:00:00,Manchester,Frankfurt,2,1665.56,304.58,300.87,Air
5/24/22,5/24/22,Manchester,Paris,1,591.02,145.31,95.99,Air
11/14/23,11/17/23,Manchester,Paris,2,1182.04,322.2,147.08,Air
2023-01-02 00:00:00,2023-01-02 00:00:00,Manchester,Paris,1,591.02,161.1,215.48,Air
6/18/23,6/18/23,Manchester,Paris,1,591.02,161.1,115.37,Air
7/31/23,7/31/23,London,Frankfurt,1,620.88,169.24,126.12,Air
10/27/23,10/27/23,London,Frankfurt,1,620.88,169.24,558.82,Air
5/13/22,5/13/22,Manchester,Frankfurt,1,832.78,125.77,211.47,Air
5/13/22,5/13/22,Frankfurt,London,1,620.88,152.66,140.7,Air
3/24/22,3/24/22,London,Frankfurt,1,654.15,160.84,104.97,Air
8/16/22,8/16/22,Frankfurt,London,1,620.88,152.66,191.7,Air
11/22/23,11/22/23,London,Frankfurt,1,620.88,169.24,157.12,Air
10/17/23,10/19/23,Manchester,Frankfurt,2,1665.56,304.58,446.17,Air
2023-05-10 00:00:00,2023-05-10 00:00:00,Paris,Frankfurt,1,448.83,122.34,239.0,Air
2023-08-02 00:00:00,2023-08-02 00:00:00,Frankfurt,London,1,620.88,169.24,185.2,Air
8/15/22,8/15/22,Manchester,Frankfurt,1,832.78,125.77,447.2,Air
2/21/23,2/21/23,Manchester,Frankfurt,2,1665.56,304.58,558.18,Air
2023-11-01 00:00:00,2023-12-01 00:00:00,Manchester,Frankfurt,2,1665.56,304.58,476.58,Air
2023-03-08 00:00:00,2023-03-08 00:00:00,Frankfurt,London,1,620.88,169.24,212.0,Air
2023-07-02 00:00:00,2023-07-02 00:00:00,Manchester,Frankfurt,1,832.78,152.29,266.28,Air
7/26/23,7/26/23,Frankfurt,London,1,620.88,169.24,253.9,Air
2023-03-08 00:00:00,2023-03-08 00:00:00,Frankfurt,London,1,654.15,178.31,380.1,Air
2023-12-06 00:00:00,2023-12-06 00:00:00,London,Frankfurt,1,654.15,178.31,180.48,Air
2022-09-06 00:00:00,2022-09-06 00:00:00,Manchester,Frankfurt,2,1665.56,251.53,652.8,Air
1/20/20,1/20/20,Manchester,Paris,1,591.02,144.39,52.99,Air
2020-10-03 00:00:00,2020-10-03 00:00:00,Manchester,Paris,1,591.02,144.39,82.99,Air
7/24/23,7/24/23,London,Frankfurt,1,654.15,178.31,267.68,Air
2/16/23,2/16/23,Manchester,Paris,1,591.02,161.1,134.99,Air
2023-01-02 00:00:00,2023-02-02 00:00:00,Manchester,Paris,2,1182.04,322.2,275.69,Air
3/16/23,3/16/23,Manchester,Paris,1,591.02,161.1,349.48,Air
2022-06-09 00:00:00,2022-07-09 00:00:00,Manchester,Frankfurt,2,1665.56,314.41,606.5,Air
2023-07-06 00:00:00,2023-07-06 00:00:00,Manchester,Paris,1,591.02,161.1,282.37,Air
2023-04-10 00:00:00,2023-04-10 00:00:00,Manchester,Paris,1,591.02,161.1,193.37,Air
2023-10-05 00:00:00,2023-12-05 00:00:00,Manchester,Paris,2,1182.04,322.2,197.25,Air
2022-09-11 00:00:00,2022-09-11 00:00:00,Manchester,Paris,1,591.02,145.31,72.99,Air
6/18/23,6/18/23,Manchester,Paris,1,591.02,161.1,54.99,Air
9/26/23,9/26/23,Frankfurt,Paris,1,448.83,122.34,192.9,Air
2022-11-10 00:00:00,2022-11-10 00:00:00,London,Frankfurt,1,654.15,160.84,282.37,Air
7/18/23,7/19/23,Manchester,Frankfurt,2,1665.56,304.58,739.77,Air
9/25/23,9/25/23,Manchester,Frankfurt,1,832.78,152.29,472.27,Air
2023-02-11 00:00:00,2023-02-11 00:00:00,Manchester,Frankfurt,1,832.78,152.29,298.48,Air
8/22/23,8/22/23,Manchester,Frankfurt,1,832.78,152.29,279.47,Air
8/15/23,8/15/23,Manchester,Frankfurt,1,832.78,152.29,691.87,Air
5/16/23,5/17/23,Manchester,Frankfurt,2,1665.56,304.58,675.27,Air
8/28/23,8/28/23,Manchester,Frankfurt,1,832.78,152.29,355.57,Air
2023-02-05 00:00:00,5/14/23,Manchester,Frankfurt,2,1665.56,304.58,317.0,Air
3/20/23,3/24/23,Manchester,Frankfurt,2,1665.56,304.58,351.68,Air
2023-02-10 00:00:00,2023-06-10 00:00:00,Manchester,Frankfurt,2,1665.56,304.58,361.17,Air
9/26/23,9/29/23,Manchester,Frankfurt,2,1665.56,304.58,841.07,Air
2023-06-02 00:00:00,2023-10-02 00:00:00,Manchester,Frankfurt,2,1665.56,304.58,352.28,Air
1/16/23,1/20/23,Manchester,Frankfurt,2,1665.56,380.72,524.38,Air
2023-03-04 00:00:00,2023-06-04 00:00:00,Manchester,Frankfurt,2,1665.56,304.58,510.51,Air
2023-03-01 00:00:00,2023-06-01 00:00:00,Manchester,Frankfurt,2,1665.56,304.58,333.98,Air
2023-11-04 00:00:00,4/14/23,Manchester,Frankfurt,2,1665.56,304.58,479.91,Air
1/23/23,1/27/23,Manchester,Frankfurt,2,1665.56,304.58,648.18,Air
1/30/23,2023-03-02 00:00:00,Manchester,Frankfurt,2,1665.56,380.72,525.38,Air
2/20/23,2/24/23,Manchester,Frankfurt,2,1665.56,304.58,290.38,Air
2023-06-03 00:00:00,2023-10-03 00:00:00,Manchester,Frankfurt,2,1665.56,304.58,275.88,Air
2/13/23,2/16/23,Manchester,Frankfurt,2,1665.56,304.58,508.38,Air
2/27/23,2023-03-03 00:00:00,Manchester,Frankfurt,2,1665.56,304.58,290.38,Air
2023-08-01 00:00:00,1/13/23,Manchester,Frankfurt,2,1665.56,304.58,617.48,Air
3/13/23,3/17/23,Manchester,Frankfurt,2,1665.56,304.58,290.38,Air
3/28/23,3/31/23,Manchester,Frankfurt,2,1665.56,304.58,431.18,Air
10/16/23,10/20/23,Glasgow,Frankfurt,2,2166.39,396.17,411.87,Air
2023-05-06 00:00:00,2023-09-06 00:00:00,Glasgow,Frankfurt,2,2166.39,396.17,537.77,Air
2023-10-07 00:00:00,7/13/23,Glasgow,Frankfurt,2,2166.39,396.17,372.17,Air
2023-09-10 00:00:00,2023-12-10 00:00:00,Glasgow,Frankfurt,2,2166.39,396.17,372.87,Air
7/17/23,7/20/23,Glasgow,Frankfurt,2,2166.39,396.17,495.57,Air
7/31/23,2023-03-08 00:00:00,Glasgow,Frankfurt,2,2166.39,396.17,411.17,Air
8/28/23,8/31/23,Glasgow,Frankfurt,2,2166.39,396.17,642.17,Air
2023-04-12 00:00:00,2023-07-12 00:00:00,Glasgow,Frankfurt,2,2166.39,396.17,412.47,Air
5/30/23,2023-02-06 00:00:00,Glasgow,Frankfurt,2,2166.39,396.17,518.97,Air
2023-09-05 00:00:00,2023-12-05 00:00:00,Glasgow,Frankfurt,2,2166.39,396.17,413.67,Air
2023-12-06 00:00:00,6/15/23,Glasgow,Frankfurt,2,2166.39,396.17,591.37,Air
2022-02-08 00:00:00,2022-05-08 00:00:00,Glasgow,Frankfurt,2,2166.39,327.17,679.99,Air
2023-07-08 00:00:00,2023-10-08 00:00:00,Glasgow,Frankfurt,2,2166.39,396.17,831.27,Air
10/30/23,2023-03-11 00:00:00,Glasgow,Frankfurt,2,2166.39,396.17,412.57,Air
11/27/23,2023-01-12 00:00:00,Glasgow,Frankfurt,2,2166.39,396.17,413.27,Air
10/31/22,2022-04-11 00:00:00,Glasgow,Frankfurt,2,2166.39,327.17,410.19,Air
4/17/23,4/21/23,Glasgow,Frankfurt,2,2166.39,396.17,539.37,Air
2022-04-10 00:00:00,2022-07-10 00:00:00,Glasgow,Frankfurt,2,2166.39,327.17,384.59,Air
2023-01-03 00:00:00,2023-03-03 00:00:00,Glasgow,Frankfurt,2,2166.39,396.17,374.47,Air
6/26/23,6/28/23,Glasgow,Frankfurt,2,2166.39,396.17,590.47,Air
10/23/23,10/27/23,Glasgow,Frankfurt,2,2166.39,396.17,622.47,Air
2023-11-04 00:00:00,4/14/23,Glasgow,Frankfurt,2,2166.39,396.17,453.27,Air
2023-04-09 00:00:00,2023-07-09 00:00:00,Glasgow,Frankfurt,2,2166.39,396.17,581.67,Air
2022-06-12 00:00:00,2022-09-12 00:00:00,Glasgow,Frankfurt,2,2166.39,327.17,709.89,Air
8/16/22,8/18/22,Glasgow,Frankfurt,2,2166.39,327.17,578.89,Air
2023-03-07 00:00:00,2023-06-07 00:00:00,Glasgow,Frankfurt,2,2166.39,396.17,371.67,Air
7/24/23,7/27/23,Glasgow,Frankfurt,2,2166.39,396.17,450.87,Air
8/14/23,8/17/23,Glasgow,Frankfurt,2,2166.39,396.17,496.57,Air
2023-11-09 00:00:00,9/14/23,Glasgow,Frankfurt,2,2166.39,396.17,530.47,Air
7/19/22,7/22/22,Glasgow,Frankfurt,2,2166.39,327.17,436.49,Air
4/24/23,4/28/23,Glasgow,Frankfurt,2,2166.39,396.17,579.57,Air
2023-02-05 00:00:00,2023-05-05 00:00:00,Glasgow,Frankfurt,2,2166.39,396.17,414.17,Air
10/17/22,10/19/22,Glasgow,Frankfurt,2,2166.39,327.17,450.79,Air
2021-08-06 00:00:00,2021-09-06 00:00:00,Glasgow,London,2,1109.97,272.91,253.46,Air
2023-06-03 00:00:00,2023-10-03 00:00:00,Glasgow,Frankfurt,2,2166.39,396.17,453.47,Air
6/20/23,6/22/23,Glasgow,Frankfurt,2,2166.39,396.17,410.77,Air
11/13/23,11/16/23,Glasgow,Frankfurt,2,2166.39,396.17,412.17,Air
2022-05-07 00:00:00,2022-08-07 00:00:00,Glasgow,Frankfurt,2,2166.39,327.17,385.39,Air
9/20/22,9/23/22,Glasgow,Frankfurt,2,2166.39,327.17,383.99,Air
12/19/22,12/23/22,Glasgow,Frankfurt,2,2166.39,327.17,369.29,Air
6/21/22,6/24/22,Glasgow,Frankfurt,2,2166.39,327.17,659.99,Air
2022-06-09 00:00:00,2022-09-09 00:00:00,Glasgow,Frankfurt,2,2166.39,327.17,613.59,Air
11/20/23,11/23/23,Glasgow,Frankfurt,2,2166.39,396.17,453.37,Air
11/14/22,11/18/22,Glasgow,Frankfurt,2,2166.39,327.17,451.09,Air
3/27/23,3/31/23,Glasgow,Frankfurt,2,2166.39,396.17,368.17,Air
2/13/23,2/16/23,Manchester,Frankfurt,2,1665.56,304.58,587.78,Air
2022-06-09 00:00:00,2022-07-09 00:00:00,Manchester,Frankfurt,2,1665.56,377.28,676.8,Air
6/14/22,6/15/22,Manchester,Frankfurt,2,1665.56,251.53,647.0,Air
9/20/22,9/21/22,Manchester,Frankfurt,2,1665.56,251.53,859.8,Air
2023-09-05 00:00:00,2023-11-05 00:00:00,Manchester,Frankfurt,2,1665.56,304.58,476.97,Air
8/30/22,8/31/22,Manchester,Frankfurt,2,1665.56,251.53,858.5,Air
2022-03-05 00:00:00,2022-05-05 00:00:00,Manchester,Frankfurt,2,1665.56,251.53,392.17,Air
2023-11-01 00:00:00,1/13/23,Manchester,Frankfurt,2,1665.56,304.58,616.98,Air
2023-11-07 00:00:00,7/13/23,Manchester,Frankfurt,2,1665.56,456.86,684.1,Air
6/28/22,6/29/22,Manchester,Frankfurt,2,1665.56,251.53,561.9,Air
2021-05-10 00:00:00,2021-06-10 00:00:00,Manchester,Frankfurt,2,1665.56,251.53,446.37,Air
10/25/21,10/27/21,London,Frankfurt,2,1308.3,321.67,335.72,Air
2/21/22,2/24/22,Manchester,Frankfurt,2,1665.56,251.53,551.38,Air
2022-08-02 00:00:00,2022-08-02 00:00:00,London,Frankfurt,1,654.15,160.84,188.07,Air
8/28/23,8/31/23,Manchester,Frankfurt,2,1665.56,304.58,490.97,Air
2022-09-08 00:00:00,2022-11-08 00:00:00,Manchester,Frankfurt,2,1665.56,377.28,616.8,Air
2023-04-09 00:00:00,2023-07-09 00:00:00,Manchester,Frankfurt,2,1665.56,304.58,355.47,Air
7/27/23,7/27/23,Frankfurt,London,1,620.88,169.24,121.6,Air
3/15/22,3/18/22,Manchester,Frankfurt,2,1665.56,251.53,441.38,Air
3/28/23,3/28/23,Manchester,Frankfurt,1,832.78,152.29,734.28,Air
2023-07-06 00:00:00,6/15/23,Manchester,Frankfurt,2,1665.56,304.58,457.77,Air
3/22/22,3/24/22,Manchester,Frankfurt,2,1665.56,314.41,467.38,Air
3/29/23,3/29/23,Frankfurt,London,1,654.15,178.31,319.6,Air
3/29/22,3/29/22,Manchester,Frankfurt,1,832.78,125.77,205.78,Air
2022-07-03 00:00:00,2022-10-03 00:00:00,Manchester,Frankfurt,2,1665.56,251.53,336.88,Air
2022-11-10 00:00:00,10/13/22,Manchester,Frankfurt,2,1665.56,314.41,530.1,Air
2022-04-07 00:00:00,2022-06-07 00:00:00,Manchester,Frankfurt,2,1665.56,314.41,478.2,Air
7/25/22,7/27/22,Manchester,Frankfurt,2,1665.56,314.41,541.2,Air
2022-12-07 00:00:00,7/14/22,Manchester,Frankfurt,2,1665.56,314.41,478.2,Air
2022-12-12 00:00:00,12/15/22,Manchester,Frankfurt,2,1665.56,314.41,520.38,Air
2022-07-07 00:00:00,2022-07-07 00:00:00,Frankfurt,London,1,620.88,152.66,239.8,Air
2023-11-04 00:00:00,4/13/23,Manchester,Frankfurt,2,1665.56,304.58,569.58,Air
4/17/23,4/20/23,Manchester,Frankfurt,2,1665.56,304.58,840.18,Air
2022-07-06 00:00:00,2022-10-06 00:00:00,Manchester,Frankfurt,2,1665.56,251.53,568.1,Air
8/30/22,2022-01-09 00:00:00,Manchester,Frankfurt,2,1665.56,377.28,616.8,Air
2022-05-09 00:00:00,2022-07-09 00:00:00,Manchester,Frankfurt,2,1665.56,251.53,478.6,Air
2022-04-10 00:00:00,2022-06-10 00:00:00,Manchester,Frankfurt,2,1665.56,251.53,398.8,Air
5/22/23,5/25/23,Manchester,Frankfurt,2,1665.56,304.58,406.57,Air
2023-02-05 00:00:00,2023-04-05 00:00:00,Manchester,Frankfurt,2,1665.56,304.58,406.57,Air
9/20/22,9/22/22,Manchester,Frankfurt,2,1665.56,251.53,668.1,Air
4/24/23,4/27/23,Manchester,Frankfurt,2,1665.56,304.58,650.08,Air
5/30/22,2022-01-06 00:00:00,Manchester,Frankfurt,2,1665.56,251.53,394.67,Air
9/25/23,9/27/23,Manchester,Frankfurt,2,1665.56,304.58,445.47,Air
9/19/23,9/22/23,Manchester,Frankfurt,2,1665.56,304.58,619.77,Air
6/20/22,6/22/22,Manchester,Frankfurt,2,1665.56,314.41,529.7,Air
6/28/22,6/30/22,Manchester,Frankfurt,2,1665.56,251.53,412.5,Air
6/14/22,6/15/22,Manchester,Frankfurt,2,1665.56,251.53,572.7,Air
6/27/23,6/29/23,Manchester,Frankfurt,2,1665.56,304.58,445.07,Air
2023-04-07 00:00:00,2023-06-07 00:00:00,Manchester,Frankfurt,2,1665.56,304.58,445.07,Air
6/20/23,6/22/23,Manchester,Frankfurt,2,1665.56,380.72,551.87,Air
3/20/23,3/23/23,Manchester,Frankfurt,2,1665.56,304.58,265.88,Air
3/13/23,3/16/23,Manchester,Frankfurt,2,1665.56,304.58,265.88,Air
2/13/23,2/16/23,Manchester,Frankfurt,2,1665.56,304.58,336.48,Air
2023-06-02 00:00:00,2023-09-02 00:00:00,Manchester,Frankfurt,2,1665.56,304.58,326.88,Air
10/26/22,10/28/22,Manchester,Frankfurt,2,1665.56,314.41,782.5,Air
10/17/22,10/20/22,Manchester,Frankfurt,2,1665.56,314.41,812.7,Air
2023-08-01 00:00:00,2023-12-01 00:00:00,Manchester,Frankfurt,2,1665.56,380.72,525.08,Air
2022-04-07 00:00:00,2022-04-07 00:00:00,Manchester,Frankfurt,1,832.78,125.77,742.0,Air
7/17/22,7/20/22,Manchester,Frankfurt,2,1665.56,251.53,355.6,Air
2/20/23,2/23/23,Manchester,Frankfurt,2,1665.56,380.72,480.88,Air
2023-03-10 00:00:00,2023-06-10 00:00:00,Manchester,Frankfurt,2,1665.56,304.58,521.47,Air
2023-09-05 00:00:00,2023-11-05 00:00:00,Manchester,Frankfurt,2,1665.56,304.58,486.87,Air
2023-11-09 00:00:00,9/15/23,Manchester,Frankfurt,2,1665.56,304.58,619.27,Air
2022-12-09 00:00:00,9/14/22,Manchester,Frankfurt,2,1665.56,314.41,870.0,Air
2022-03-05 00:00:00,2022-03-05 00:00:00,Manchester,Frankfurt,1,832.78,125.77,211.27,Air
9/25/22,9/30/22,Manchester,Paris,2,1182.04,290.63,369.8,Air
8/21/23,8/24/23,Manchester,Frankfurt,2,1665.56,304.58,446.17,Air
8/15/23,8/17/23,Manchester,Frankfurt,2,1665.56,380.72,553.17,Air
5/15/23,5/17/23,Manchester,Frankfurt,2,1665.56,304.58,485.97,Air
7/25/23,7/25/23,Manchester,Frankfurt,1,832.78,152.29,304.77,Air
5/31/23,2023-01-06 00:00:00,Manchester,Frankfurt,2,1665.56,304.58,538.17,Air
2022-01-11 00:00:00,2022-03-11 00:00:00,Manchester,Frankfurt,2,1665.56,314.41,639.2,Air
1/23/23,1/26/23,Manchester,Frankfurt,2,1665.56,304.58,566.68,Air
1/16/23,1/19/23,Manchester,Frankfurt,2,1665.56,380.72,474.38,Air
4/19/22,4/19/22,Manchester,Frankfurt,1,832.78,125.77,205.88,Air
2022-12-04 00:00:00,4/14/22,Manchester,Frankfurt,2,1665.56,251.53,465.68,Air
2022-04-04 00:00:00,2022-06-04 00:00:00,Manchester,Frankfurt,2,1665.56,251.53,386.88,Air
1/31/23,2023-03-02 00:00:00,Manchester,Frankfurt,2,1665.56,380.72,465.28,Air
11/19/23,11/19/23,Manchester,Paris,2,1182.04,322.2,51.0,Air
11/19/23,11/24/23,Manchester,Paris,2,1182.04,322.2,162.67,Air
2022-08-11 00:00:00,2022-11-11 00:00:00,Manchester,Frankfurt,2,1665.56,314.41,630.98,Air
3/27/22,2022-01-04 00:00:00,Manchester,Paris,2,1182.04,290.63,146.08,Air
2/17/20,2/18/20,Manchester,Paris,2,1182.04,288.77,235.54,Air
